character,category,scraped_name,species_key,base_form_name,keep
Aaron,elite4,Beautifly,Beautifly,Wurmple,Y
Aaron,elite4,Drapion,Drapion,Skorupi,Y
Aaron,elite4,Dustox,Dustox,Wurmple,Y
Aaron,elite4,Flygon,Flygon,Trapinch,Y
Aaron,elite4,Heracross,Heracross,Heracross,Y
Aaron,elite4,Scizor,Scizor,Scyther,Y
Aaron,elite4,Skorupi,Skorupi,Skorupi,Y
Aaron,elite4,Vespiquen,Vespiquen,Combee,Y
Aaron,elite4,Wurmple,Wurmple,Wurmple,Y
Aaron,elite4,Yanmega,Yanmega,Yanma,Y
Acerola,elite4,Banette,Banette,Shuppet,Y
Acerola,elite4,Dhelmise,Dhelmise,Dhelmise,Y
Acerola,elite4,Drifblim,Drifblim,Drifloon,Y
Acerola,elite4,Froslass,Froslass,Snorunt,Y
Acerola,elite4,Gengar,Gengar,Gastly,Y
Acerola,elite4,Mimikyu,Mimikyu,Mimikyu,Y
Acerola,elite4,Palossand,Palossand,Sandygast,Y
Acerola,elite4,Sableye,Sableye,Sableye,Y
Acerola,elite4,Shuppet,Shuppet,Shuppet,Y
Agatha,elite4,Alakazam,Alakazam,Abra,Y
Agatha,elite4,Arbok,Arbok,Ekans,Y
Agatha,elite4,Crobat,Crobat,Zubat,Y
Agatha,elite4,Gengar,Gengar,Gastly,Y
Agatha,elite4,Golbat,Golbat,Zubat,Y
Agatha,elite4,Gyarados,Gyarados,Magikarp,Y
Agatha,elite4,Haunter,Haunter,Gastly,Y
Agatha,elite4,Jynx,Jynx,Smoochum,Y
Agatha,elite4,Marowak,Marowak,Cubone,Y
Agatha,elite4,Misdreavus,Misdreavus,Misdreavus,Y
Agatha,elite4,Muk,Muk,Grimer,Y
Agatha,elite4,Venusaur,Venusaur,Bulbasaur,Y
Agatha,elite4,Weezing,Weezing,Koffing,Y
Alain,anime,Bisharp,Bisharp,Pawniard,Y
Alain,anime,Charizard,Charizard,Charmander,Y
Alain,anime,Chesnaught,Chesnaught,Chespin,Y
Alain,anime,Malamar,Malamar,Inkay,Y
Alain,anime,Metagross,Metagross,Beldum,Y
Alain,anime,Tyranitar,Tyranitar,Larvitar,Y
Alain,anime,Unfezant,Unfezant,Pidove,Y
Alain,anime,Weavile,Weavile,Sneasel,Y
Alder,champion,Accelgor,Accelgor,Shelmet,Y
Alder,champion,Bouffalant,Bouffalant,Bouffalant,Y
Alder,champion,Braviary,Braviary,Rufflet,Y
Alder,champion,Chandelure,Chandelure,Litwick,Y
Alder,champion,Conkeldurr,Conkeldurr,Timburr,Y
Alder,champion,Druddigon,Druddigon,Druddigon,Y
Alder,champion,Escavalier,Escavalier,Karrablast,Y
Alder,champion,Krookodile,Krookodile,Sandile,Y
Alder,champion,Reuniclus,Reuniclus,Solosis,Y
Alder,champion,Vanilluxe,Vanilluxe,Vanillite,Y
Alder,champion,Volcarona,Volcarona,Larvesta,Y
Allister,gymleader,Chandelure,Chandelure,Litwick,Y
Allister,gymleader,Cursola,Cursola,Corsola,Y
Allister,gymleader,Dusknoir,Dusknoir,Duskull,Y
Allister,gymleader,Gengar,Gengar,Gastly,Y
Allister,gymleader,Mimikyu,Mimikyu,Mimikyu,Y
Allister,gymleader,Polteageist,Polteageist,Sinistea,Y
Allister,gymleader,Runerigus,Runerigus,Yamask,Y
Allister,gymleader,Sinistea,Sinistea,Sinistea,Y
Allister,gymleader,Yamask,Yamask,Yamask,Y
Archer,villain,Crobat,Crobat,Zubat,Y
Archer,villain,Houndoom,Houndoom,Houndour,Y
Archer,villain,Houndour,Houndour,Houndour,Y
Archer,villain,Koffing,Koffing,Koffing,Y
Archie,villain,Crobat,Crobat,Zubat,Y
Archie,villain,Golbat,Golbat,Zubat,Y
Archie,villain,Kyogre,Kyogre,Kyogre,Y
Archie,villain,Mightyena,Mightyena,Poochyena,Y
Archie,villain,Muk,Muk,Grimer,Y
Archie,villain,Sharpedo,Sharpedo,Carvanha,Y
Archie,villain,Tentacruel,Tentacruel,Tentacool,Y
Archie,villain,Walrein,Walrein,Spheal,Y
Ariana,villain,Arbok,Arbok,Ekans,Y
Ariana,villain,Gloom,Gloom,Oddish,Y
Ariana,villain,Murkrow,Murkrow,Murkrow,Y
Ariana,villain,Vileplume,Vileplume,Oddish,Y
Arven,rival,Cloyster,Cloyster,Shellder,Y
Arven,rival,Garganacl,Garganacl,Nacli,Y
Arven,rival,Greedent,Greedent,Skwovet,Y
Arven,rival,Leafeon,Leafeon,Eevee,Y
Arven,rival,Mabosstiff,Mabosstiff,Maschiff,Y
Arven,rival,Nacli,Nacli,Nacli,Y
Arven,rival,Scovillain,Scovillain,Capsakid,Y
Arven,rival,Shellder,Shellder,Shellder,Y
Arven,rival,Skwovet,Skwovet,Skwovet,Y
Arven,rival,Sylveon,Sylveon,Eevee,Y
Arven,rival,Toedscool,Toedscool,Toedscool,Y
Arven,rival,Toedscruel,Toedscruel,Toedscool,Y
Arven,rival,Umbreon,Umbreon,Eevee,Y
Ash,anime,Aipom,Aipom,Aipom,Y
Ash,anime,Bayleef,Bayleef,Chikorita,Y
Ash,anime,Boldore,Boldore,Roggenrola,Y
Ash,anime,Buizel,Buizel,Buizel,Y
Ash,anime,Bulbasaur,Bulbasaur,Bulbasaur,Y
Ash,anime,Butterfree,Butterfree,Caterpie,Y
Ash,anime,Charizard,Charizard,Charmander,Y
Ash,anime,Corphish,Corphish,Corphish,Y
Ash,anime,Donphan,Donphan,Phanpy,Y
Ash,anime,Dracovish,Dracovish,Dracovish,Y
Ash,anime,Dragonite,Dragonite,Dratini,Y
Ash,anime,Gengar,Gengar,Gastly,Y
Ash,anime,Gible,Gible,Gible,Y
Ash,anime,Glalie,Glalie,Snorunt,Y
Ash,anime,Gliscor,Gliscor,Gligar,Y
Ash,anime,Goodra,Goodra,Goomy,Y
Ash,anime,Greninja,Greninja,Froakie,Y
Ash,anime,Haunter,Haunter,Gastly,Y
Ash,anime,Hawlucha,Hawlucha,Hawlucha,Y
Ash,anime,Heracross,Heracross,Heracross,Y
Ash,anime,Incineroar,Incineroar,Litten,Y
Ash,anime,Infernape,Infernape,Chimchar,Y
Ash,anime,Kingler,Kingler,Krabby,Y
Ash,anime,Krokorok,Krokorok,Sandile,Y
Ash,anime,Lapras,Lapras,Lapras,Y
Ash,anime,Larvitar,Larvitar,Larvitar,Y
Ash,anime,Leavanny,Leavanny,Sewaddle,Y
Ash,anime,Lucario,Lucario,Riolu,Y
Ash,anime,Lycanroc,Lycanroc,Rockruff,Y
Ash,anime,Melmetal,Melmetal,Meltan,Y
Ash,anime,Mr. Mime,Mr. Mime,Mime Jr.,Y
Ash,anime,Muk,Muk,Grimer,Y
Ash,anime,Noctowl,Noctowl,Hoothoot,Y
Ash,anime,Noivern,Noivern,Noibat,Y
Ash,anime,Oshawott,Oshawott,Oshawott,Y
Ash,anime,Palpitoad,Palpitoad,Tympole,Y
Ash,anime,Pidgeot,Pidgeot,Pidgey,Y
Ash,anime,Pignite,Pignite,Tepig,Y
Ash,anime,Pikachu,Pikachu,Pichu,Y
Ash,anime,Poipole,Poipole,Poipole,Y
Ash,anime,Primeape,Primeape,Mankey,Y
Ash,anime,Quilava,Quilava,Cyndaquil,Y
Ash,anime,Rowlet,Rowlet,Rowlet,Y
Ash,anime,Sceptile,Sceptile,Treecko,Y
Ash,anime,Scraggy,Scraggy,Scraggy,Y
Ash,anime,Sirfetch'd,Sirfetch’d,Farfetch’d,Y
Ash,anime,Snivy,Snivy,Snivy,Y
Ash,anime,Snorlax,Snorlax,Munchlax,Y
Ash,anime,Squirtle,Squirtle,Squirtle,Y
Ash,anime,Staraptor,Staraptor,Starly,Y
Ash,anime,Swellow,Swellow,Taillow,Y
Ash,anime,Talonflame,Talonflame,Fletchling,Y
Ash,anime,Tauros,Tauros,Tauros,Y
Ash,anime,Torkoal,Torkoal,Torkoal,Y
Ash,anime,Torterra,Torterra,Turtwig,Y
Ash,anime,Totodile,Totodile,Totodile,Y
Ash,anime,Unfezant,Unfezant,Pidove,Y
Barry,rival,Empoleon,Empoleon,Piplup,Y
Barry,rival,Floatzel,Floatzel,Buizel,Y
Barry,rival,Heracross,Heracross,Heracross,Y
Barry,rival,Hitmonlee,Hitmonlee,Tyrogue,Y
Barry,rival,Infernape,Infernape,Chimchar,Y
Barry,rival,Rapidash,Rapidash,Ponyta,Y
Barry,rival,Roserade,Roserade,Budew,Y
Barry,rival,Skarmory,Skarmory,Skarmory,Y
Barry,rival,Snorlax,Snorlax,Munchlax,Y
Barry,rival,Staraptor,Staraptor,Starly,Y
Barry,rival,Torterra,Torterra,Turtwig,Y
Bea,gymleader,Falinks,Falinks,Falinks,Y
Bea,gymleader,Grapploct,Grapploct,Clobbopus,Y
Bea,gymleader,Hawlucha,Hawlucha,Hawlucha,Y
Bea,gymleader,Hitmontop,Hitmontop,Tyrogue,Y
Bea,gymleader,Machamp,Machamp,Machop,Y
Bea,gymleader,Pangoro,Pangoro,Pancham,Y
Bea,gymleader,Sirfetch'd,Sirfetch’d,Farfetch’d,Y
Bea,gymleader,Vanilluxe,Vanilluxe,Vanillite,Y
Bede,rival,Duosion,Duosion,Solosis,Y
Bede,rival,Gardevoir,Gardevoir,Ralts,Y
Bede,rival,Gothorita,Gothorita,Gothita,Y
Bede,rival,Hatterene,Hatterene,Hatenna,Y
Bede,rival,Mawile,Mawile,Mawile,Y
Bede,rival,Rapidash,Rapidash,Ponyta,Y
Bede,rival,Sylveon,Sylveon,Eevee,Y
Bertha,elite4,Donphan,Donphan,Phanpy,Y
Bertha,elite4,Gliscor,Gliscor,Gligar,Y
Bertha,elite4,Golem,Golem,Geodude,Y
Bertha,elite4,Hippowdon,Hippowdon,Hippopotas,Y
Bertha,elite4,Mamoswine,Mamoswine,Swinub,Y
Bertha,elite4,Nidoking,Nidoking,Nidoran♂,Y
Bertha,elite4,Quagsire,Quagsire,Wooper,Y
Bertha,elite4,Rhyperior,Rhyperior,Rhyhorn,Y
Bertha,elite4,Steelix,Steelix,Onix,Y
Bertha,elite4,Sudowoodo,Sudowoodo,Bonsly,Y
Bertha,elite4,Whiscash,Whiscash,Barboach,Y
Bianca,rival,Chandelure,Chandelure,Litwick,Y
Bianca,rival,Dewott,Dewott,Oshawott,Y
Bianca,rival,Emboar,Emboar,Tepig,Y
Bianca,rival,Escavalier,Escavalier,Karrablast,Y
Bianca,rival,Herdier,Herdier,Lillipup,Y
Bianca,rival,Lillipup,Lillipup,Lillipup,Y
Bianca,rival,Mienshao,Mienshao,Mienfoo,Y
Bianca,rival,Minccino,Minccino,Minccino,Y
Bianca,rival,Munna,Munna,Munna,Y
Bianca,rival,Musharna,Musharna,Munna,Y
Bianca,rival,Oshawott,Oshawott,Oshawott,Y
Bianca,rival,Panpour,Panpour,Panpour,Y
Bianca,rival,Pansage,Pansage,Pansage,Y
Bianca,rival,Pansear,Pansear,Pansear,Y
Bianca,rival,Pignite,Pignite,Tepig,Y
Bianca,rival,Samurott,Samurott,Oshawott,Y
Bianca,rival,Serperior,Serperior,Snivy,Y
Bianca,rival,Servine,Servine,Snivy,Y
Bianca,rival,Shelmet,Shelmet,Shelmet,Y
Bianca,rival,Simipour,Simipour,Panpour,Y
Bianca,rival,Simisage,Simisage,Pansage,Y
Bianca,rival,Simisear,Simisear,Pansear,Y
Bianca,rival,Snivy,Snivy,Snivy,Y
Bianca,rival,Stoutland,Stoutland,Lillipup,Y
Bianca,rival,Tepig,Tepig,Tepig,Y
Blaine,gymleader,Arcanine,Arcanine,Growlithe,Y
Blaine,gymleader,Camerupt,Camerupt,Numel,Y
Blaine,gymleader,Charizard,Charizard,Charmander,Y
Blaine,gymleader,Flareon,Flareon,Eevee,Y
Blaine,gymleader,Growlithe,Growlithe,Growlithe,Y
Blaine,gymleader,Houndoom,Houndoom,Houndour,Y
Blaine,gymleader,Magcargo,Magcargo,Slugma,Y
Blaine,gymleader,Magmar,Magmar,Magby,Y
Blaine,gymleader,Magmortar,Magmortar,Magby,Y
Blaine,gymleader,Ninetales,Ninetales,Vulpix,Y
Blaine,gymleader,Ponyta,Ponyta,Ponyta,Y
Blaine,gymleader,Rapidash,Rapidash,Ponyta,Y
Blaine,gymleader,Rhydon,Rhydon,Rhyhorn,Y
Blaine,gymleader,Rotom,Rotom,Rotom,Y
Blaine,gymleader,Torkoal,Torkoal,Torkoal,Y
Blue,champion,Alakazam,Alakazam,Abra,Y
Blue,champion,Arcanine,Arcanine,Growlithe,Y
Blue,champion,Blastoise,Blastoise,Squirtle,Y
Blue,champion,Charizard,Charizard,Charmander,Y
Blue,champion,Cloyster,Cloyster,Shellder,Y
Blue,champion,Exeggutor,Exeggutor,Exeggcute,Y
Blue,champion,Flareon,Flareon,Eevee,Y
Blue,champion,Gyarados,Gyarados,Magikarp,Y
Blue,champion,Jolteon,Jolteon,Eevee,Y
Blue,champion,Machamp,Machamp,Machop,Y
Blue,champion,Magneton,Magneton,Magnemite,Y
Blue,champion,Ninetales,Ninetales,Vulpix,Y
Blue,champion,Pidgeot,Pidgeot,Pidgey,Y
Blue,champion,Rhydon,Rhydon,Rhyhorn,Y
Blue,champion,Sandslash,Sandslash,Sandshrew,Y
Blue,champion,Vaporeon,Vaporeon,Eevee,Y
Blue,champion,Venusaur,Venusaur,Bulbasaur,Y
Brassius,gymleader,Arboliva,Arboliva,Smoliv,Y
Brassius,gymleader,Breloom,Breloom,Shroomish,Y
Brassius,gymleader,Dolliv,Dolliv,Smoliv,Y
Brassius,gymleader,Lilligant,Lilligant,Petilil,Y
Brassius,gymleader,Petilil,Petilil,Petilil,Y
Brassius,gymleader,Smoliv,Smoliv,Smoliv,Y
Brassius,gymleader,Sudowoodo,Sudowoodo,Bonsly,Y
Brassius,gymleader,Sunflora,Sunflora,Sunkern,Y
Brassius,gymleader,Tsareena,Tsareena,Bounsweet,Y
Brassius,gymleader,Vileplume,Vileplume,Oddish,Y
Brawly,gymleader,Breloom,Breloom,Shroomish,Y
Brawly,gymleader,Hariyama,Hariyama,Makuhita,Y
Brawly,gymleader,Heracross,Heracross,Heracross,Y
Brawly,gymleader,Hitmonchan,Hitmonchan,Tyrogue,Y
Brawly,gymleader,Hitmonlee,Hitmonlee,Tyrogue,Y
Brawly,gymleader,Hitmontop,Hitmontop,Tyrogue,Y
Brawly,gymleader,Machamp,Machamp,Machop,Y
Brawly,gymleader,Machop,Machop,Machop,Y
Brawly,gymleader,Makuhita,Makuhita,Makuhita,Y
Brawly,gymleader,Medicham,Medicham,Meditite,Y
Brawly,gymleader,Meditite,Meditite,Meditite,Y
Brawly,gymleader,Mienshao,Mienshao,Mienfoo,Y
Brawly,gymleader,Scrafty,Scrafty,Scraggy,Y
Brendan,protagonist,Aggron,Aggron,Aron,Y
Brendan,protagonist,Blaziken,Blaziken,Torchic,Y
Brendan,protagonist,Breloom,Breloom,Shroomish,Y
Brendan,protagonist,Camerupt,Camerupt,Numel,Y
Brendan,protagonist,Latios,Latios,Latios,Y
Brendan,protagonist,Lombre,Lombre,Lotad,Y
Brendan,protagonist,Manectric,Manectric,Electrike,Y
Brendan,protagonist,Pelipper,Pelipper,Wingull,Y
Brendan,protagonist,Sceptile,Sceptile,Treecko,Y
Brendan,protagonist,Shiftry,Shiftry,Seedot,Y
Brendan,protagonist,Slugma,Slugma,Slugma,Y
Brendan,protagonist,Swampert,Swampert,Mudkip,Y
Brendan,protagonist,Swellow,Swellow,Taillow,Y
Brendan,protagonist,Wailord,Wailord,Wailmer,Y
Brock,gymleader,Aerodactyl,Aerodactyl,Aerodactyl,Y
Brock,gymleader,Blissey,Blissey,Happiny,Y
Brock,gymleader,Bonsly,Bonsly,Bonsly,Y
Brock,gymleader,Chansey,Chansey,Happiny,Y
Brock,gymleader,Comfey,Comfey,Comfey,Y
Brock,gymleader,Croagunk,Croagunk,Croagunk,Y
Brock,gymleader,Crobat,Crobat,Zubat,Y
Brock,gymleader,Cubone,Cubone,Cubone,Y
Brock,gymleader,Forretress,Forretress,Pineco,Y
Brock,gymleader,Geodude,Geodude,Geodude,Y
Brock,gymleader,Golbat,Golbat,Zubat,Y
Brock,gymleader,Golem,Golem,Geodude,Y
Brock,gymleader,Graveler,Graveler,Geodude,Y
Brock,gymleader,Happiny,Happiny,Happiny,Y
Brock,gymleader,Kabutops,Kabutops,Kabuto,Y
Brock,gymleader,Lombre,Lombre,Lotad,Y
Brock,gymleader,Lotad,Lotad,Lotad,Y
Brock,gymleader,Ludicolo,Ludicolo,Lotad,Y
Brock,gymleader,Marshtomp,Marshtomp,Mudkip,Y
Brock,gymleader,Mudkip,Mudkip,Mudkip,Y
Brock,gymleader,Omastar,Omastar,Omanyte,Y
Brock,gymleader,Onix,Onix,Onix,Y
Brock,gymleader,Pineco,Pineco,Pineco,Y
Brock,gymleader,Rampardos,Rampardos,Cranidos,Y
Brock,gymleader,Relicanth,Relicanth,Relicanth,Y
Brock,gymleader,Rhyhorn,Rhyhorn,Rhyhorn,Y
Brock,gymleader,Rhyperior,Rhyperior,Rhyhorn,Y
Brock,gymleader,Steelix,Steelix,Onix,Y
Brock,gymleader,Sudowoodo,Sudowoodo,Bonsly,Y
Brock,gymleader,Tyranitar,Tyranitar,Larvitar,Y
Brock,gymleader,Vulpix,Vulpix,Vulpix,Y
Brock,gymleader,Zubat,Zubat,Zubat,Y
Bruno,elite4,Clefable,Clefable,Cleffa,Y
Bruno,elite4,Golem,Golem,Geodude,Y
Bruno,elite4,Hariyama,Hariyama,Makuhita,Y
Bruno,elite4,Hitmonchan,Hitmonchan,Tyrogue,Y
Bruno,elite4,Hitmonlee,Hitmonlee,Tyrogue,Y
Bruno,elite4,Hitmontop,Hitmontop,Tyrogue,Y
Bruno,elite4,Lucario,Lucario,Riolu,Y
Bruno,elite4,Machamp,Machamp,Machop,Y
Bruno,elite4,Muk,Muk,Grimer,Y
Bruno,elite4,Onix,Onix,Onix,Y
Bruno,elite4,Poliwrath,Poliwrath,Poliwag,Y
Bruno,elite4,Rhydon,Rhydon,Rhyhorn,Y
Bruno,elite4,Steelix,Steelix,Onix,Y
Brycen,gymleader,Beartic,Beartic,Cubchoo,Y
Brycen,gymleader,Cryogonal,Cryogonal,Cryogonal,Y
Brycen,gymleader,Dewgong,Dewgong,Seel,Y
Brycen,gymleader,Vanillish,Vanillish,Vanillite,Y
Brycen,gymleader,Vanilluxe,Vanilluxe,Vanillite,Y
Brycen,gymleader,Walrein,Walrein,Spheal,Y
Brycen,gymleader,Weavile,Weavile,Sneasel,Y
Bugsy,gymleader,Armaldo,Armaldo,Anorith,Y
Bugsy,gymleader,Beedrill,Beedrill,Weedle,Y
Bugsy,gymleader,Butterfree,Butterfree,Caterpie,Y
Bugsy,gymleader,Forretress,Forretress,Pineco,Y
Bugsy,gymleader,Heracross,Heracross,Heracross,Y
Bugsy,gymleader,Kakuna,Kakuna,Weedle,Y
Bugsy,gymleader,Kricketune,Kricketune,Kricketot,Y
Bugsy,gymleader,Metapod,Metapod,Caterpie,Y
Bugsy,gymleader,Pinsir,Pinsir,Pinsir,Y
Bugsy,gymleader,Pupitar,Pupitar,Larvitar,Y
Bugsy,gymleader,Quagsire,Quagsire,Wooper,Y
Bugsy,gymleader,Raticate,Raticate,Rattata,Y
Bugsy,gymleader,Scizor,Scizor,Scyther,Y
Bugsy,gymleader,Scyther,Scyther,Scyther,Y
Bugsy,gymleader,Shedinja,Shedinja,Nincada,Y
Bugsy,gymleader,Shuckle,Shuckle,Shuckle,Y
Bugsy,gymleader,Spinarak,Spinarak,Spinarak,Y
Bugsy,gymleader,Sudowoodo,Sudowoodo,Bonsly,Y
Bugsy,gymleader,Vespiquen,Vespiquen,Combee,Y
Bugsy,gymleader,Weepinbell,Weepinbell,Bellsprout,Y
Bugsy,gymleader,Yanmega,Yanmega,Yanma,Y
Burgh,gymleader,Accelgor,Accelgor,Shelmet,Y
Burgh,gymleader,Crustle,Crustle,Dwebble,Y
Burgh,gymleader,Durant,Durant,Durant,Y
Burgh,gymleader,Dwebble,Dwebble,Dwebble,Y
Burgh,gymleader,Escavalier,Escavalier,Karrablast,Y
Burgh,gymleader,Heracross,Heracross,Heracross,Y
Burgh,gymleader,Karrablast,Karrablast,Karrablast,Y
Burgh,gymleader,Leavanny,Leavanny,Sewaddle,Y
Burgh,gymleader,Sewaddle,Sewaddle,Sewaddle,Y
Burgh,gymleader,Shelmet,Shelmet,Shelmet,Y
Burgh,gymleader,Swadloon,Swadloon,Sewaddle,Y
Burgh,gymleader,Togepi,Togepi,Togepi,Y
Burgh,gymleader,Vespiquen,Vespiquen,Combee,Y
Burgh,gymleader,Whirlipede,Whirlipede,Venipede,Y
Byron,gymleader,Aggron,Aggron,Aron,Y
Byron,gymleader,Bastiodon,Bastiodon,Shieldon,Y
Byron,gymleader,Bronzong,Bronzong,Bronzor,Y
Byron,gymleader,Empoleon,Empoleon,Piplup,Y
Byron,gymleader,Excadrill,Excadrill,Drilbur,Y
Byron,gymleader,Forretress,Forretress,Pineco,Y
Byron,gymleader,Magnezone,Magnezone,Magnemite,Y
Byron,gymleader,Skarmory,Skarmory,Skarmory,Y
Byron,gymleader,Steelix,Steelix,Onix,Y
Caitlin,elite4,Alakazam,Alakazam,Abra,Y
Caitlin,elite4,Bronzong,Bronzong,Bronzor,Y
Caitlin,elite4,Gallade,Gallade,Ralts,Y
Caitlin,elite4,Gothitelle,Gothitelle,Gothita,Y
Caitlin,elite4,Metagross,Metagross,Beldum,Y
Caitlin,elite4,Musharna,Musharna,Munna,Y
Caitlin,elite4,Pawniard,Pawniard,Pawniard,Y
Caitlin,elite4,Reuniclus,Reuniclus,Solosis,Y
Caitlin,elite4,Sigilyph,Sigilyph,Sigilyph,Y
Calem,protagonist,Absol,Absol,Absol,Y
Calem,protagonist,Braixen,Braixen,Fennekin,Y
Calem,protagonist,Bunnelby,Bunnelby,Bunnelby,Y
Calem,protagonist,Chesnaught,Chesnaught,Chespin,Y
Calem,protagonist,Chespin,Chespin,Chespin,Y
Calem,protagonist,Delphox,Delphox,Fennekin,Y
Calem,protagonist,Espurr,Espurr,Espurr,Y
Calem,protagonist,Fennekin,Fennekin,Fennekin,Y
Calem,protagonist,Fletchling,Fletchling,Fletchling,Y
Calem,protagonist,Froakie,Froakie,Froakie,Y
Calem,protagonist,Frogadier,Frogadier,Froakie,Y
Calem,protagonist,Greninja,Greninja,Froakie,Y
Calem,protagonist,Meowstic,Meowstic,Espurr,Y
Calem,protagonist,Quilladin,Quilladin,Chespin,Y
Candice,gymleader,Abomasnow,Abomasnow,Snover,Y
Candice,gymleader,Froslass,Froslass,Snorunt,Y
Candice,gymleader,Glaceon,Glaceon,Eevee,Y
Candice,gymleader,Glalie,Glalie,Snorunt,Y
Candice,gymleader,Jynx,Jynx,Smoochum,Y
Candice,gymleader,Mamoswine,Mamoswine,Swinub,Y
Candice,gymleader,Medicham,Medicham,Meditite,Y
Candice,gymleader,Piloswine,Piloswine,Swinub,Y
Candice,gymleader,Sneasel,Sneasel,Sneasel,Y
Candice,gymleader,Snover,Snover,Snover,Y
Candice,gymleader,Weavile,Weavile,Sneasel,Y
Cheren,gymleader,Bouffalant,Bouffalant,Bouffalant,Y
Cheren,gymleader,Castform,Castform,Castform,Y
Cheren,gymleader,Cinccino,Cinccino,Minccino,Y
Cheren,gymleader,Herdier,Herdier,Lillipup,Y
Cheren,gymleader,Lickilicky,Lickilicky,Lickitung,Y
Cheren,gymleader,Liepard,Liepard,Purrloin,Y
Cheren,gymleader,Lillipup,Lillipup,Lillipup,Y
Cheren,gymleader,Oshawott,Oshawott,Oshawott,Y
Cheren,gymleader,Panpour,Panpour,Panpour,Y
Cheren,gymleader,Pansage,Pansage,Pansage,Y
Cheren,gymleader,Pansear,Pansear,Pansear,Y
Cheren,gymleader,Patrat,Patrat,Patrat,Y
Cheren,gymleader,Pidove,Pidove,Pidove,Y
Cheren,gymleader,Porygon-Z,Porygon-Z,Porygon,Y
Cheren,gymleader,Purrloin,Purrloin,Purrloin,Y
Cheren,gymleader,Snivy,Snivy,Snivy,Y
Cheren,gymleader,Stoutland,Stoutland,Lillipup,Y
Cheren,gymleader,Tepig,Tepig,Tepig,Y
Cheren,gymleader,Tranquill,Tranquill,Pidove,Y
Cheren,gymleader,Unfezant,Unfezant,Pidove,Y
Cheren,gymleader,Watchog,Watchog,Patrat,Y
Chili,gymleader,Arcanine,Arcanine,Growlithe,Y
Chili,gymleader,Camerupt,Camerupt,Numel,Y
Chili,gymleader,Darmanitan,Darmanitan,Darumaka,Y
Chili,gymleader,Heatmor,Heatmor,Heatmor,Y
Chili,gymleader,Lillipup,Lillipup,Lillipup,Y
Chili,gymleader,Magmortar,Magmortar,Magby,Y
Chili,gymleader,Pansear,Pansear,Pansear,Y
Chili,gymleader,Simisear,Simisear,Pansear,Y
Chloe,anime,Eevee,Eevee,Eevee,Y
Chloe,anime,Yamper,Yamper,Yamper,Y
Chuck,gymleader,Breloom,Breloom,Shroomish,Y
Chuck,gymleader,Hitmonchan,Hitmonchan,Tyrogue,Y
Chuck,gymleader,Hitmonlee,Hitmonlee,Tyrogue,Y
Chuck,gymleader,Machoke,Machoke,Machop,Y
Chuck,gymleader,Medicham,Medicham,Meditite,Y
Chuck,gymleader,Poliwrath,Poliwrath,Poliwag,Y
Chuck,gymleader,Primeape,Primeape,Mankey,Y
Cilan,gymleader,Basculin,Basculin,Basculin,Y
Cilan,gymleader,Crustle,Crustle,Dwebble,Y
Cilan,gymleader,Dwebble,Dwebble,Dwebble,Y
Cilan,gymleader,Ferrothorn,Ferrothorn,Ferroseed,Y
Cilan,gymleader,Jumpluff,Jumpluff,Hoppip,Y
Cilan,gymleader,Lilligant,Lilligant,Petilil,Y
Cilan,gymleader,Lillipup,Lillipup,Lillipup,Y
Cilan,gymleader,Maractus,Maractus,Maractus,Y
Cilan,gymleader,Pansage,Pansage,Pansage,Y
Cilan,gymleader,Serperior,Serperior,Snivy,Y
Cilan,gymleader,Simisage,Simisage,Pansage,Y
Cilan,gymleader,Stunfisk,Stunfisk,Stunfisk,Y
Cilan,gymleader,Terrakion,Terrakion,Terrakion,Y
Cilan,gymleader,Whimsicott,Whimsicott,Cottonee,Y
Clair,gymleader,Aerodactyl,Aerodactyl,Aerodactyl,Y
Clair,gymleader,Altaria,Altaria,Swablu,Y
Clair,gymleader,Ampharos,Ampharos,Mareep,Y
Clair,gymleader,Arcanine,Arcanine,Growlithe,Y
Clair,gymleader,Charizard,Charizard,Charmander,Y
Clair,gymleader,Dragonair,Dragonair,Dratini,Y
Clair,gymleader,Dragonite,Dragonite,Dratini,Y
Clair,gymleader,Drampa,Drampa,Drampa,Y
Clair,gymleader,Dratini,Dratini,Dratini,Y
Clair,gymleader,Druddigon,Druddigon,Druddigon,Y
Clair,gymleader,Garchomp,Garchomp,Gible,Y
Clair,gymleader,Gyarados,Gyarados,Magikarp,Y
Clair,gymleader,Kingdra,Kingdra,Horsea,Y
Clair,gymleader,Lapras,Lapras,Lapras,Y
Clair,gymleader,Nidoking,Nidoking,Nidoran♂,Y
Clair,gymleader,Rhydon,Rhydon,Rhyhorn,Y
Clair,gymleader,Salamence,Salamence,Bagon,Y
Clay,gymleader,Claydol,Claydol,Baltoy,Y
Clay,gymleader,Excadrill,Excadrill,Drilbur,Y
Clay,gymleader,Flygon,Flygon,Trapinch,Y
Clay,gymleader,Golurk,Golurk,Golett,Y
Clay,gymleader,Krokorok,Krokorok,Sandile,Y
Clay,gymleader,Krookodile,Krookodile,Sandile,Y
Clay,gymleader,Mamoswine,Mamoswine,Swinub,Y
Clay,gymleader,Onix,Onix,Onix,Y
Clay,gymleader,Palpitoad,Palpitoad,Tympole,Y
Clay,gymleader,Sandslash,Sandslash,Sandshrew,Y
Clay,gymleader,Seismitoad,Seismitoad,Tympole,Y
Clemont,gymleader,Chespin,Chespin,Chespin,Y
Clemont,gymleader,Dedenne,Dedenne,Dedenne,Y
Clemont,gymleader,Diggersby,Diggersby,Bunnelby,Y
Clemont,gymleader,Emolga,Emolga,Emolga,Y
Clemont,gymleader,Heliolisk,Heliolisk,Helioptile,Y
Clemont,gymleader,Luxray,Luxray,Shinx,Y
Clemont,gymleader,Magnemite,Magnemite,Magnemite,Y
Clemont,gymleader,Magneton,Magneton,Magnemite,Y
Clemont,gymleader,Magnezone,Magnezone,Magnemite,Y
Colress,villain,Beheeyem,Beheeyem,Elgyem,Y
Colress,villain,Electrode,Electrode,Voltorb,Y
Colress,villain,Elgyem,Elgyem,Elgyem,Y
Colress,villain,Klink,Klink,Klink,Y
Colress,villain,Klinklang,Klinklang,Klink,Y
Colress,villain,Magnemite,Magnemite,Magnemite,Y
Colress,villain,Magneton,Magneton,Magnemite,Y
Colress,villain,Magnezone,Magnezone,Magnemite,Y
Colress,villain,Metagross,Metagross,Beldum,Y
Colress,villain,Metang,Metang,Beldum,Y
Colress,villain,Muk,Muk,Grimer,Y
Colress,villain,Porygon-Z,Porygon-Z,Porygon,Y
Colress,villain,Porygon2,Porygon2,Porygon,Y
Colress,villain,Rotom,Rotom,Rotom,Y
Crasher Wake,gymleader,Armaldo,Armaldo,Anorith,Y
Crasher Wake,gymleader,Empoleon,Empoleon,Piplup,Y
Crasher Wake,gymleader,Floatzel,Floatzel,Buizel,Y
Crasher Wake,gymleader,Gastrodon,Gastrodon,Shellos,Y
Crasher Wake,gymleader,Gyarados,Gyarados,Magikarp,Y
Crasher Wake,gymleader,Huntail,Huntail,Clamperl,Y
Crasher Wake,gymleader,Kingdra,Kingdra,Horsea,Y
Crasher Wake,gymleader,Ludicolo,Ludicolo,Lotad,Y
Crasher Wake,gymleader,Lumineon,Lumineon,Finneon,Y
Crasher Wake,gymleader,Pelipper,Pelipper,Wingull,Y
Crasher Wake,gymleader,Politoed,Politoed,Poliwag,Y
Crasher Wake,gymleader,Poliwrath,Poliwrath,Poliwag,Y
Crasher Wake,gymleader,Quagsire,Quagsire,Wooper,Y
Crasher Wake,gymleader,Scizor,Scizor,Scyther,Y
Crasher Wake,gymleader,Sharpedo,Sharpedo,Carvanha,Y
Crasher Wake,gymleader,Suicune,Suicune,Suicune,Y
Crasher Wake,gymleader,Swampert,Swampert,Mudkip,Y
Cress,gymleader,Azumarill,Azumarill,Azurill,Y
Cress,gymleader,Basculin,Basculin,Basculin,Y
Cress,gymleader,Crawdaunt,Crawdaunt,Corphish,Y
Cress,gymleader,Floatzel,Floatzel,Buizel,Y
Cress,gymleader,Golduck,Golduck,Psyduck,Y
Cress,gymleader,Lillipup,Lillipup,Lillipup,Y
Cress,gymleader,Panpour,Panpour,Panpour,Y
Cress,gymleader,Samurott,Samurott,Oshawott,Y
Cress,gymleader,Seismitoad,Seismitoad,Tympole,Y
Cress,gymleader,Simipour,Simipour,Panpour,Y
Cress,gymleader,Slowking,Slowking,Slowpoke,Y
Cynthia,champion,Braviary,Braviary,Rufflet,Y
Cynthia,champion,Eelektross,Eelektross,Tynamo,Y
Cynthia,champion,Garchomp,Garchomp,Gible,Y
Cynthia,champion,Gastrodon,Gastrodon,Shellos,Y
Cynthia,champion,Glaceon,Glaceon,Eevee,Y
Cynthia,champion,Kommo-o,Kommo-o,Jangmo-o,Y
Cynthia,champion,Lucario,Lucario,Riolu,Y
Cynthia,champion,Milotic,Milotic,Feebas,Y
Cynthia,champion,Roserade,Roserade,Budew,Y
Cynthia,champion,Spiritomb,Spiritomb,Spiritomb,Y
Cynthia,champion,Togekiss,Togekiss,Togepi,Y
Cynthia,champion,Togepi,Togepi,Togepi,Y
Cyrus,villain,Crobat,Crobat,Zubat,Y
Cyrus,villain,Darkrai,Darkrai,Darkrai,Y
Cyrus,villain,Dialga,Dialga,Dialga,Y
Cyrus,villain,Entei,Entei,Entei,Y
Cyrus,villain,Golbat,Golbat,Zubat,Y
Cyrus,villain,Gyarados,Gyarados,Magikarp,Y
Cyrus,villain,Honchkrow,Honchkrow,Murkrow,Y
Cyrus,villain,Houndoom,Houndoom,Houndour,Y
Cyrus,villain,Magnezone,Magnezone,Magnemite,Y
Cyrus,villain,Murkrow,Murkrow,Murkrow,Y
Cyrus,villain,Palkia,Palkia,Palkia,Y
Cyrus,villain,Probopass,Probopass,Nosepass,Y
Cyrus,villain,Salamence,Salamence,Bagon,Y
Cyrus,villain,Sneasel,Sneasel,Sneasel,Y
Cyrus,villain,Weavile,Weavile,Sneasel,Y
Dawn,protagonist,Ambipom,Ambipom,Aipom,Y
Dawn,protagonist,Buizel,Buizel,Buizel,Y
Dawn,protagonist,Buneary,Buneary,Buneary,Y
Dawn,protagonist,Mamoswine,Mamoswine,Swinub,Y
Dawn,protagonist,Oshawott,Oshawott,Oshawott,Y
Dawn,protagonist,Pachirisu,Pachirisu,Pachirisu,Y
Dawn,protagonist,Piplup,Piplup,Piplup,Y
Dawn,protagonist,Quilava,Quilava,Cyndaquil,Y
Dawn,protagonist,Togekiss,Togekiss,Togepi,Y
Diantha,champion,Aurorus,Aurorus,Amaura,Y
Diantha,champion,Diancie,Diancie,Diancie,Y
Diantha,champion,Gardevoir,Gardevoir,Ralts,Y
Diantha,champion,Goodra,Goodra,Goomy,Y
Diantha,champion,Gourgeist,Gourgeist,Pumpkaboo,Y
Diantha,champion,Hawlucha,Hawlucha,Hawlucha,Y
Diantha,champion,Keldeo,Keldeo,Keldeo,Y
Diantha,champion,Tyrantrum,Tyrantrum,Tyrunt,Y
Drake,elite4,Altaria,Altaria,Swablu,Y
Drake,elite4,Bagon,Bagon,Bagon,Y
Drake,elite4,Dragalge,Dragalge,Skrelp,Y
Drake,elite4,Flygon,Flygon,Trapinch,Y
Drake,elite4,Haxorus,Haxorus,Axew,Y
Drake,elite4,Kingdra,Kingdra,Horsea,Y
Drake,elite4,Salamence,Salamence,Bagon,Y
Drake,elite4,Shelgon,Shelgon,Bagon,Y
Drasna,elite4,Altaria,Altaria,Swablu,Y
Drasna,elite4,Dragalge,Dragalge,Skrelp,Y
Drasna,elite4,Druddigon,Druddigon,Druddigon,Y
Drasna,elite4,Noivern,Noivern,Noibat,Y
Drayden,gymleader,Altaria,Altaria,Swablu,Y
Drayden,gymleader,Druddigon,Druddigon,Druddigon,Y
Drayden,gymleader,Flygon,Flygon,Trapinch,Y
Drayden,gymleader,Fraxure,Fraxure,Axew,Y
Drayden,gymleader,Haxorus,Haxorus,Axew,Y
Drayden,gymleader,Hydreigon,Hydreigon,Deino,Y
Drayden,gymleader,Salamence,Salamence,Bagon,Y
Drew,anime,Absol,Absol,Absol,Y
Drew,anime,Butterfree,Butterfree,Caterpie,Y
Drew,anime,Flygon,Flygon,Trapinch,Y
Drew,anime,Masquerain,Masquerain,Surskit,Y
Drew,anime,Roserade,Roserade,Budew,Y
Elesa,gymleader,Ampharos,Ampharos,Mareep,Y
Elesa,gymleader,Eelektross,Eelektross,Tynamo,Y
Elesa,gymleader,Emolga,Emolga,Emolga,Y
Elesa,gymleader,Flaaffy,Flaaffy,Mareep,Y
Elesa,gymleader,Galvantula,Galvantula,Joltik,Y
Elesa,gymleader,Joltik,Joltik,Joltik,Y
Elesa,gymleader,Luxray,Luxray,Shinx,Y
Elesa,gymleader,Rotom,Rotom,Rotom,Y
Elesa,gymleader,Stunfisk,Stunfisk,Stunfisk,Y
Elesa,gymleader,Thundurus,Thundurus,Thundurus,Y
Elesa,gymleader,Togetic,Togetic,Togepi,Y
Elesa,gymleader,Tynamo,Tynamo,Tynamo,Y
Elesa,gymleader,Zebstrika,Zebstrika,Blitzle,Y
Elio,protagonist,Decidueye,Decidueye,Rowlet,Y
Elio,protagonist,Espeon,Espeon,Eevee,Y
Elio,protagonist,Litten,Litten,Litten,Y
Elio,protagonist,Lunala,Lunala,Cosmog,Y
Elio,protagonist,Necrozma,Necrozma,Necrozma,Y
Elio,protagonist,Popplio,Popplio,Popplio,Y
Elio,protagonist,Rowlet,Rowlet,Rowlet,Y
Elio,protagonist,Solgaleo,Solgaleo,Cosmog,Y
Elio,protagonist,Stakataka,Stakataka,Stakataka,Y
Erika,gymleader,Abomasnow,Abomasnow,Snover,Y
Erika,gymleader,Bellossom,Bellossom,Oddish,Y
Erika,gymleader,Bellsprout,Bellsprout,Bellsprout,Y
Erika,gymleader,Cradily,Cradily,Lileep,Y
Erika,gymleader,Exeggutor,Exeggutor,Exeggcute,Y
Erika,gymleader,Gloom,Gloom,Oddish,Y
Erika,gymleader,Jumpluff,Jumpluff,Hoppip,Y
Erika,gymleader,Lilligant,Lilligant,Petilil,Y
Erika,gymleader,Parasect,Parasect,Paras,Y
Erika,gymleader,Roserade,Roserade,Budew,Y
Erika,gymleader,Shiftry,Shiftry,Seedot,Y
Erika,gymleader,Tangela,Tangela,Tangela,Y
Erika,gymleader,Tangrowth,Tangrowth,Tangela,Y
Erika,gymleader,Venusaur,Venusaur,Bulbasaur,Y
Erika,gymleader,Victreebel,Victreebel,Bellsprout,Y
Erika,gymleader,Vileplume,Vileplume,Oddish,Y
Erika,gymleader,Weepinbell,Weepinbell,Bellsprout,Y
Erika,gymleader,Whimsicott,Whimsicott,Cottonee,Y
Ethan,protagonist,Bulbasaur,Bulbasaur,Bulbasaur,Y
Ethan,protagonist,Chikorita,Chikorita,Chikorita,Y
Ethan,protagonist,Cyndaquil,Cyndaquil,Cyndaquil,Y
Ethan,protagonist,Donphan,Donphan,Phanpy,Y
Ethan,protagonist,Ho-Oh,Ho-Oh,Ho-Oh,Y
Ethan,protagonist,Lugia,Lugia,Lugia,Y
Ethan,protagonist,Marill,Marill,Azurill,Y
Ethan,protagonist,Porygon,Porygon,Porygon,Y
Ethan,protagonist,Quilava,Quilava,Cyndaquil,Y
Ethan,protagonist,Raikou,Raikou,Raikou,Y
Ethan,protagonist,Rattata,Rattata,Rattata,Y
Ethan,protagonist,Tangela,Tangela,Tangela,Y
Ethan,protagonist,Tauros,Tauros,Tauros,Y
Ethan,protagonist,Totodile,Totodile,Totodile,Y
Ethan,protagonist,Typhlosion,Typhlosion,Cyndaquil,Y
Falkner,gymleader,Aerodactyl,Aerodactyl,Aerodactyl,Y
Falkner,gymleader,Crobat,Crobat,Zubat,Y
Falkner,gymleader,Dodrio,Dodrio,Doduo,Y
Falkner,gymleader,Fearow,Fearow,Spearow,Y
Falkner,gymleader,Honchkrow,Honchkrow,Murkrow,Y
Falkner,gymleader,Hoothoot,Hoothoot,Hoothoot,Y
Falkner,gymleader,Noctowl,Noctowl,Hoothoot,Y
Falkner,gymleader,Pelipper,Pelipper,Wingull,Y
Falkner,gymleader,Pidgeot,Pidgeot,Pidgey,Y
Falkner,gymleader,Pidgeotto,Pidgeotto,Pidgey,Y
Falkner,gymleader,Pidgey,Pidgey,Pidgey,Y
Falkner,gymleader,Staraptor,Staraptor,Starly,Y
Falkner,gymleader,Swellow,Swellow,Taillow,Y
Falkner,gymleader,Xatu,Xatu,Natu,Y
Fantina,gymleader,Banette,Banette,Shuppet,Y
Fantina,gymleader,Drifblim,Drifblim,Drifloon,Y
Fantina,gymleader,Dusknoir,Dusknoir,Duskull,Y
Fantina,gymleader,Froslass,Froslass,Snorunt,Y
Fantina,gymleader,Gengar,Gengar,Gastly,Y
Fantina,gymleader,Jellicent,Jellicent,Frillish,Y
Fantina,gymleader,Mismagius,Mismagius,Misdreavus,Y
Fantina,gymleader,Rotom,Rotom,Rotom,Y
Fantina,gymleader,Spiritomb,Spiritomb,Spiritomb,Y
Flannery,gymleader,Arcanine,Arcanine,Growlithe,Y
Flannery,gymleader,Blaziken,Blaziken,Torchic,Y
Flannery,gymleader,Camerupt,Camerupt,Numel,Y
Flannery,gymleader,Chandelure,Chandelure,Litwick,Y
Flannery,gymleader,Growlithe,Growlithe,Growlithe,Y
Flannery,gymleader,Houndoom,Houndoom,Houndour,Y
Flannery,gymleader,Houndour,Houndour,Houndour,Y
Flannery,gymleader,Magcargo,Magcargo,Slugma,Y
Flannery,gymleader,Magmortar,Magmortar,Magby,Y
Flannery,gymleader,Numel,Numel,Numel,Y
Flannery,gymleader,Ponyta,Ponyta,Ponyta,Y
Flannery,gymleader,Rapidash,Rapidash,Ponyta,Y
Flannery,gymleader,Slugma,Slugma,Slugma,Y
Flannery,gymleader,Torkoal,Torkoal,Torkoal,Y
Flint,elite4,Arcanine,Arcanine,Growlithe,Y
Flint,elite4,Drifblim,Drifblim,Drifloon,Y
Flint,elite4,Flareon,Flareon,Eevee,Y
Flint,elite4,Houndoom,Houndoom,Houndour,Y
Flint,elite4,Infernape,Infernape,Chimchar,Y
Flint,elite4,Lopunny,Lopunny,Buneary,Y
Flint,elite4,Magmortar,Magmortar,Magby,Y
Flint,elite4,Ninetales,Ninetales,Vulpix,Y
Flint,elite4,Rapidash,Rapidash,Ponyta,Y
Flint,elite4,Steelix,Steelix,Onix,Y
Gardenia,gymleader,Bellossom,Bellossom,Oddish,Y
Gardenia,gymleader,Breloom,Breloom,Shroomish,Y
Gardenia,gymleader,Cacnea,Cacnea,Cacnea,Y
Gardenia,gymleader,Carnivine,Carnivine,Carnivine,Y
Gardenia,gymleader,Cherrim,Cherrim,Cherubi,Y
Gardenia,gymleader,Cherubi,Cherubi,Cherubi,Y
Gardenia,gymleader,Dhelmise,Dhelmise,Dhelmise,Y
Gardenia,gymleader,Jumpluff,Jumpluff,Hoppip,Y
Gardenia,gymleader,Leafeon,Leafeon,Eevee,Y
Gardenia,gymleader,Roserade,Roserade,Budew,Y
Gardenia,gymleader,Sunflora,Sunflora,Sunkern,Y
Gardenia,gymleader,Tangrowth,Tangrowth,Tangela,Y
Gardenia,gymleader,Torterra,Torterra,Turtwig,Y
Gardenia,gymleader,Tropius,Tropius,Tropius,Y
Gardenia,gymleader,Turtwig,Turtwig,Turtwig,Y
Gary,anime,Aerodactyl,Aerodactyl,Aerodactyl,Y
Gary,anime,Alakazam,Alakazam,Abra,Y
Gary,anime,Arcanine,Arcanine,Growlithe,Y
Gary,anime,Blastoise,Blastoise,Squirtle,Y
Gary,anime,Dodrio,Dodrio,Doduo,Y
Gary,anime,Electivire,Electivire,Elekid,Y
Gary,anime,Fearow,Fearow,Spearow,Y
Gary,anime,Golem,Golem,Geodude,Y
Gary,anime,Hatterene,Hatterene,Hatenna,Y
Gary,anime,Hoothoot,Hoothoot,Hoothoot,Y
Gary,anime,Houndoom,Houndoom,Houndour,Y
Gary,anime,Kingdra,Kingdra,Horsea,Y
Gary,anime,Kingler,Kingler,Krabby,Y
Gary,anime,Krabby,Krabby,Krabby,Y
Gary,anime,Magmar,Magmar,Magby,Y
Gary,anime,Nidoking,Nidoking,Nidoran♂,Y
Gary,anime,Nidoqueen,Nidoqueen,Nidoran♀,Y
Gary,anime,Pinsir,Pinsir,Pinsir,Y
Gary,anime,Regidrago,Regidrago,Regidrago,Y
Gary,anime,Scizor,Scizor,Scyther,Y
Gary,anime,Shieldon,Shieldon,Shieldon,Y
Gary,anime,Skarmory,Skarmory,Skarmory,Y
Gary,anime,Tyranitar,Tyranitar,Larvitar,Y
Gary,anime,Umbreon,Umbreon,Eevee,Y
Geeta,champion,Avalugg,Avalugg,Bergmite,Y
Geeta,champion,Chesnaught,Chesnaught,Chespin,Y
Geeta,champion,Dragapult,Dragapult,Dreepy,Y
Geeta,champion,Espathra,Espathra,Flittle,Y
Geeta,champion,Glimmora,Glimmora,Glimmet,Y
Geeta,champion,Gogoat,Gogoat,Skiddo,Y
Geeta,champion,Kingambit,Kingambit,Pawniard,Y
Geeta,champion,Veluza,Veluza,Veluza,Y
Ghetsis,villain,Bisharp,Bisharp,Pawniard,Y
Ghetsis,villain,Bouffalant,Bouffalant,Bouffalant,Y
Ghetsis,villain,Cofagrigus,Cofagrigus,Yamask,Y
Ghetsis,villain,Drapion,Drapion,Skorupi,Y
Ghetsis,villain,Eelektross,Eelektross,Tynamo,Y
Ghetsis,villain,Hydreigon,Hydreigon,Deino,Y
Ghetsis,villain,Kyurem,Kyurem,Kyurem,Y
Ghetsis,villain,Reshiram,Reshiram,Reshiram,Y
Ghetsis,villain,Seismitoad,Seismitoad,Tympole,Y
Ghetsis,villain,Toxicroak,Toxicroak,Croagunk,Y
Ghetsis,villain,Zekrom,Zekrom,Zekrom,Y
Giovanni,villain,Cloyster,Cloyster,Shellder,Y
Giovanni,villain,Dugtrio,Dugtrio,Diglett,Y
Giovanni,villain,Garchomp,Garchomp,Gible,Y
Giovanni,villain,Gengar,Gengar,Gastly,Y
Giovanni,villain,Golem,Golem,Geodude,Y
Giovanni,villain,Honchkrow,Honchkrow,Murkrow,Y
Giovanni,villain,Kangaskhan,Kangaskhan,Kangaskhan,Y
Giovanni,villain,Kingler,Kingler,Krabby,Y
Giovanni,villain,Krookodile,Krookodile,Sandile,Y
Giovanni,villain,Machamp,Machamp,Machop,Y
Giovanni,villain,Marowak,Marowak,Cubone,Y
Giovanni,villain,Mewtwo,Mewtwo,Mewtwo,Y
Giovanni,villain,Moltres,Moltres,Moltres,Y
Giovanni,villain,Nidoking,Nidoking,Nidoran♂,Y
Giovanni,villain,Nidoqueen,Nidoqueen,Nidoran♀,Y
Giovanni,villain,Nidorino,Nidorino,Nidoran♂,Y
Giovanni,villain,Onix,Onix,Onix,Y
Giovanni,villain,Persian,Persian,Meowth,Y
Giovanni,villain,Rhydon,Rhydon,Rhyhorn,Y
Giovanni,villain,Rhyhorn,Rhyhorn,Rhyhorn,Y
Giovanni,villain,Rhyperior,Rhyperior,Rhyhorn,Y
Glacia,elite4,Abomasnow,Abomasnow,Snover,Y
Glacia,elite4,Beartic,Beartic,Cubchoo,Y
Glacia,elite4,Froslass,Froslass,Snorunt,Y
Glacia,elite4,Glalie,Glalie,Snorunt,Y
Glacia,elite4,Sealeo,Sealeo,Spheal,Y
Glacia,elite4,Vanilluxe,Vanilluxe,Vanillite,Y
Glacia,elite4,Walrein,Walrein,Spheal,Y
Gladion,rival,Blastoise,Blastoise,Squirtle,Y
Gladion,rival,Charizard,Charizard,Charmander,Y
Gladion,rival,Crobat,Crobat,Zubat,Y
Gladion,rival,Eevee,Eevee,Eevee,Y
Gladion,rival,Golbat,Golbat,Zubat,Y
Gladion,rival,Lucario,Lucario,Riolu,Y
Gladion,rival,Lycanroc,Lycanroc,Rockruff,Y
Gladion,rival,Nihilego,Nihilego,Nihilego,Y
Gladion,rival,Porygon-Z,Porygon-Z,Porygon,Y
Gladion,rival,Silvally,Silvally,Type: Null,Y
Gladion,rival,Sneasel,Sneasel,Sneasel,Y
Gladion,rival,Type: Null,Type: Null,Type: Null,Y
Gladion,rival,Umbreon,Umbreon,Eevee,Y
Gladion,rival,Venusaur,Venusaur,Bulbasaur,Y
Gladion,rival,Weavile,Weavile,Sneasel,Y
Gladion,rival,Zoroark,Zoroark,Zorua,Y
Gladion,rival,Zorua,Zorua,Zorua,Y
Gladion,rival,Zubat,Zubat,Zubat,Y
Gloria,protagonist,Calyrex,Calyrex,Calyrex,Y
Gloria,protagonist,Eternatus,Eternatus,Eternatus,Y
Gloria,protagonist,Grookey,Grookey,Grookey,Y
Gloria,protagonist,Scorbunny,Scorbunny,Scorbunny,Y
Gloria,protagonist,Sobble,Sobble,Sobble,Y
Gloria,protagonist,Urshifu,Urshifu,Kubfu,Y
Gloria,protagonist,Zacian,Zacian,Zacian,Y
Gloria,protagonist,Zamazenta,Zamazenta,Zamazenta,Y
Goh,anime,Absol,Absol,Absol,Y
Goh,anime,Aerodactyl,Aerodactyl,Aerodactyl,Y
Goh,anime,Alcremie,Alcremie,Milcery,Y
Goh,anime,Altaria,Altaria,Swablu,Y
Goh,anime,Arctozolt,Arctozolt,Arctozolt,Y
Goh,anime,Ariados,Ariados,Spinarak,Y
Goh,anime,Beedrill,Beedrill,Weedle,Y
Goh,anime,Bellsprout,Bellsprout,Bellsprout,Y
Goh,anime,Binacle,Binacle,Binacle,Y
Goh,anime,Boldore,Boldore,Roggenrola,Y
Goh,anime,Bruxish,Bruxish,Bruxish,Y
Goh,anime,Bunnelby,Bunnelby,Bunnelby,Y
Goh,anime,Butterfree,Butterfree,Caterpie,Y
Goh,anime,Camerupt,Camerupt,Numel,Y
Goh,anime,Cascoon,Cascoon,Wurmple,Y
Goh,anime,Caterpie,Caterpie,Caterpie,Y
Goh,anime,Chinchou,Chinchou,Chinchou,Y
Goh,anime,Cinderace,Cinderace,Scorbunny,Y
Goh,anime,Cloyster,Cloyster,Shellder,Y
Goh,anime,Corsola,Corsola,Corsola,Y
Goh,anime,Cubone,Cubone,Cubone,Y
Goh,anime,Cyndaquil,Cyndaquil,Cyndaquil,Y
Goh,anime,Darmanitan,Darmanitan,Darumaka,Y
Goh,anime,Dewgong,Dewgong,Seel,Y
Goh,anime,Diglett,Diglett,Diglett,Y
Goh,anime,Drizzile,Drizzile,Sobble,Y
Goh,anime,Drowzee,Drowzee,Drowzee,Y
Goh,anime,Dugtrio,Dugtrio,Diglett,Y
Goh,anime,Durant,Durant,Durant,Y
Goh,anime,Dustox,Dustox,Wurmple,Y
Goh,anime,Ekans,Ekans,Ekans,Y
Goh,anime,Eternatus,Eternatus,Eternatus,Y
Goh,anime,Exeggcute,Exeggcute,Exeggcute,Y
Goh,anime,Exeggutor,Exeggutor,Exeggcute,Y
Goh,anime,Falinks,Falinks,Falinks,Y
Goh,anime,Farfetch'd,Farfetch’d,Farfetch’d,Y
Goh,anime,Ferrothorn,Ferrothorn,Ferroseed,Y
Goh,anime,Flabébé,Flabébé,Flabébé,Y
Goh,anime,Fletchling,Fletchling,Fletchling,Y
Goh,anime,Floette,Floette,Flabébé,Y
Goh,anime,Flygon,Flygon,Trapinch,Y
Goh,anime,Froakie,Froakie,Froakie,Y
Goh,anime,Frogadier,Frogadier,Froakie,Y
Goh,anime,Geodude,Geodude,Geodude,Y
Goh,anime,Golbat,Golbat,Zubat,Y
Goh,anime,Goldeen,Goldeen,Goldeen,Y
Goh,anime,Golurk,Golurk,Golett,Y
Goh,anime,Gossifleur,Gossifleur,Gossifleur,Y
Goh,anime,Graveler,Graveler,Geodude,Y
Goh,anime,Greedent,Greedent,Skwovet,Y
Goh,anime,Grimer,Grimer,Grimer,Y
Goh,anime,Grookey,Grookey,Grookey,Y
Goh,anime,Heracross,Heracross,Heracross,Y
Goh,anime,Hitmonchan,Hitmonchan,Tyrogue,Y
Goh,anime,Hoothoot,Hoothoot,Hoothoot,Y
Goh,anime,Inteleon,Inteleon,Sobble,Y
Goh,anime,Kakuna,Kakuna,Weedle,Y
Goh,anime,Kingdra,Kingdra,Horsea,Y
Goh,anime,Krabby,Krabby,Krabby,Y
Goh,anime,Lilligant,Lilligant,Petilil,Y
Goh,anime,Magikarp,Magikarp,Magikarp,Y
Goh,anime,Mankey,Mankey,Mankey,Y
Goh,anime,Mantyke,Mantyke,Mantyke,Y
Goh,anime,Metapod,Metapod,Caterpie,Y
Goh,anime,Milcery,Milcery,Milcery,Y
Goh,anime,Misdreavus,Misdreavus,Misdreavus,Y
Goh,anime,Morelull,Morelull,Morelull,Y
Goh,anime,Murkrow,Murkrow,Murkrow,Y
Goh,anime,Nidoran♀,Nidoran-F,Nidoran♀,Y
Goh,anime,Nidoran♂,Nidoran-M,Nidoran♂,Y
Goh,anime,Ninetales,Ninetales,Vulpix,Y
Goh,anime,Oddish,Oddish,Oddish,Y
Goh,anime,Panpour,Panpour,Panpour,Y
Goh,anime,Pansear,Pansear,Pansear,Y
Goh,anime,Paras,Paras,Paras,Y
Goh,anime,Parasect,Parasect,Paras,Y
Goh,anime,Passimian,Passimian,Passimian,Y
Goh,anime,Phantump,Phantump,Phantump,Y
Goh,anime,Pidgeotto,Pidgeotto,Pidgey,Y
Goh,anime,Pidgey,Pidgey,Pidgey,Y
Goh,anime,Pikachu,Pikachu,Pichu,Y
Goh,anime,Pineco,Pineco,Pineco,Y
Goh,anime,Pinsir,Pinsir,Pinsir,Y
Goh,anime,Poliwag,Poliwag,Poliwag,Y
Goh,anime,Pyukumuku,Pyukumuku,Pyukumuku,Y
Goh,anime,Raboot,Raboot,Scorbunny,Y
Goh,anime,Raichu,Raichu,Pichu,Y
Goh,anime,Raticate,Raticate,Rattata,Y
Goh,anime,Rattata,Rattata,Rattata,Y
Goh,anime,Regieleki,Regieleki,Regieleki,Y
Goh,anime,Roggenrola,Roggenrola,Roggenrola,Y
Goh,anime,Sandile,Sandile,Sandile,Y
Goh,anime,Scatterbug,Scatterbug,Scatterbug,Y
Goh,anime,Scizor,Scizor,Scyther,Y
Goh,anime,Scorbunny,Scorbunny,Scorbunny,Y
Goh,anime,Scyther,Scyther,Scyther,Y
Goh,anime,Sentret,Sentret,Sentret,Y
Goh,anime,Sharpedo,Sharpedo,Carvanha,Y
Goh,anime,Shedinja,Shedinja,Nincada,Y
Goh,anime,Skwovet,Skwovet,Skwovet,Y
Goh,anime,Slowpoke,Slowpoke,Slowpoke,Y
Goh,anime,Sobble,Sobble,Sobble,Y
Goh,anime,Spearow,Spearow,Spearow,Y
Goh,anime,Stantler,Stantler,Stantler,Y
Goh,anime,Stunfisk,Stunfisk,Stunfisk,Y
Goh,anime,Suicune,Suicune,Suicune,Y
Goh,anime,Taillow,Taillow,Taillow,Y
Goh,anime,Tentacool,Tentacool,Tentacool,Y
Goh,anime,Trapinch,Trapinch,Trapinch,Y
Goh,anime,Venomoth,Venomoth,Venonat,Y
Goh,anime,Venonat,Venonat,Venonat,Y
Goh,anime,Vibrava,Vibrava,Trapinch,Y
Goh,anime,Voltorb,Voltorb,Voltorb,Y
Goh,anime,Weedle,Weedle,Weedle,Y
Goh,anime,Wingull,Wingull,Wingull,Y
Goh,anime,Wurmple,Wurmple,Wurmple,Y
Gordie,gymleader,Barbaracle,Barbaracle,Binacle,Y
Gordie,gymleader,Coalossal,Coalossal,Rolycoly,Y
Gordie,gymleader,Shuckle,Shuckle,Shuckle,Y
Gordie,gymleader,Stonjourner,Stonjourner,Stonjourner,Y
Gordie,gymleader,Tyranitar,Tyranitar,Larvitar,Y
Grant,gymleader,Amaura,Amaura,Amaura,Y
Grant,gymleader,Aurorus,Aurorus,Amaura,Y
Grant,gymleader,Onix,Onix,Onix,Y
Grant,gymleader,Tyrunt,Tyrunt,Tyrunt,Y
Grimsley,elite4,Absol,Absol,Absol,Y
Grimsley,elite4,Bisharp,Bisharp,Pawniard,Y
Grimsley,elite4,Drapion,Drapion,Skorupi,Y
Grimsley,elite4,Honchkrow,Honchkrow,Murkrow,Y
Grimsley,elite4,Houndoom,Houndoom,Houndour,Y
Grimsley,elite4,Krookodile,Krookodile,Sandile,Y
Grimsley,elite4,Liepard,Liepard,Purrloin,Y
Grimsley,elite4,Scrafty,Scrafty,Scraggy,Y
Grimsley,elite4,Sharpedo,Sharpedo,Carvanha,Y
Grimsley,elite4,Tyranitar,Tyranitar,Larvitar,Y
Grusha,gymleader,Altaria,Altaria,Swablu,Y
Grusha,gymleader,Beartic,Beartic,Cubchoo,Y
Grusha,gymleader,Cetitan,Cetitan,Cetoddle,Y
Grusha,gymleader,Cetoddle,Cetoddle,Cetoddle,Y
Grusha,gymleader,Frosmoth,Frosmoth,Snom,Y
Grusha,gymleader,Ninetales,Ninetales,Vulpix,Y
Grusha,gymleader,Weavile,Weavile,Sneasel,Y
Guzma,villain,Ariados,Ariados,Spinarak,Y
Guzma,villain,Bisharp,Bisharp,Pawniard,Y
Guzma,villain,Buzzwole,Buzzwole,Buzzwole,Y
Guzma,villain,Golisopod,Golisopod,Wimpod,Y
Guzma,villain,Honchkrow,Honchkrow,Murkrow,Y
Guzma,villain,Liepard,Liepard,Purrloin,Y
Guzma,villain,Masquerain,Masquerain,Surskit,Y
Guzma,villain,Pinsir,Pinsir,Pinsir,Y
Guzma,villain,Scizor,Scizor,Scyther,Y
Guzma,villain,Toxapex,Toxapex,Mareanie,Y
Guzma,villain,Toxicroak,Toxicroak,Croagunk,Y
Guzma,villain,Vikavolt,Vikavolt,Grubbin,Y
Hala,gymleader,Bewear,Bewear,Stufful,Y
Hala,gymleader,Crabominable,Crabominable,Crabrawler,Y
Hala,gymleader,Crabrawler,Crabrawler,Crabrawler,Y
Hala,gymleader,Hariyama,Hariyama,Makuhita,Y
Hala,gymleader,Machamp,Machamp,Machop,Y
Hala,gymleader,Machop,Machop,Machop,Y
Hala,gymleader,Makuhita,Makuhita,Makuhita,Y
Hala,gymleader,Mankey,Mankey,Mankey,Y
Hala,gymleader,Poliwrath,Poliwrath,Poliwag,Y
Hala,gymleader,Primeape,Primeape,Mankey,Y
Hapu,gymleader,Dugtrio,Dugtrio,Diglett,Y
Hapu,gymleader,Flygon,Flygon,Trapinch,Y
Hapu,gymleader,Gastrodon,Gastrodon,Shellos,Y
Hapu,gymleader,Golurk,Golurk,Golett,Y
Hapu,gymleader,Krookodile,Krookodile,Sandile,Y
Hapu,gymleader,Mudsdale,Mudsdale,Mudbray,Y
Hassel,elite4,Baxcalibur,Baxcalibur,Frigibax,Y
Hassel,elite4,Dragalge,Dragalge,Skrelp,Y
Hassel,elite4,Dragonite,Dragonite,Dratini,Y
Hassel,elite4,Duraludon,Duraludon,Duraludon,Y
Hassel,elite4,Flapple,Flapple,Applin,Y
Hassel,elite4,Haxorus,Haxorus,Axew,Y
Hassel,elite4,Noivern,Noivern,Noibat,Y
Hau,champion,Crabominable,Crabominable,Crabrawler,Y
Hau,champion,Decidueye,Decidueye,Rowlet,Y
Hau,champion,Eevee,Eevee,Eevee,Y
Hau,champion,Flareon,Flareon,Eevee,Y
Hau,champion,Incineroar,Incineroar,Litten,Y
Hau,champion,Komala,Komala,Komala,Y
Hau,champion,Leafeon,Leafeon,Eevee,Y
Hau,champion,Noivern,Noivern,Noibat,Y
Hau,champion,Pichu,Pichu,Pichu,Y
Hau,champion,Primarina,Primarina,Popplio,Y
Hau,champion,Raichu,Raichu,Pichu,Y
Hau,champion,Tauros,Tauros,Tauros,Y
Hau,champion,Vaporeon,Vaporeon,Eevee,Y
Hilbert,protagonist,Genesect,Genesect,Genesect,Y
Hilbert,protagonist,Glaceon,Glaceon,Eevee,Y
Hilbert,protagonist,Kyurem,Kyurem,Kyurem,Y
Hilbert,protagonist,Mightyena,Mightyena,Poochyena,Y
Hilbert,protagonist,Oshawott,Oshawott,Oshawott,Y
Hilbert,protagonist,Samurott,Samurott,Oshawott,Y
Hilbert,protagonist,Snivy,Snivy,Snivy,Y
Hilbert,protagonist,Tepig,Tepig,Tepig,Y
Hilbert,protagonist,Thundurus,Thundurus,Thundurus,Y
Hilbert,protagonist,Zekrom,Zekrom,Zekrom,Y
Hilda,protagonist,Oshawott,Oshawott,Oshawott,Y
Hilda,protagonist,Reshiram,Reshiram,Reshiram,Y
Hilda,protagonist,Snivy,Snivy,Snivy,Y
Hilda,protagonist,Tepig,Tepig,Tepig,Y
Hilda,protagonist,Victini,Victini,Victini,Y
Hop,rival,Boltund,Boltund,Yamper,Y
Hop,rival,Cinderace,Cinderace,Scorbunny,Y
Hop,rival,Corviknight,Corviknight,Rookidee,Y
Hop,rival,Cramorant,Cramorant,Cramorant,Y
Hop,rival,Dubwool,Dubwool,Wooloo,Y
Hop,rival,Heatmor,Heatmor,Heatmor,Y
Hop,rival,Inteleon,Inteleon,Sobble,Y
Hop,rival,Pincurchin,Pincurchin,Pincurchin,Y
Hop,rival,Rillaboom,Rillaboom,Grookey,Y
Hop,rival,Silicobra,Silicobra,Silicobra,Y
Hop,rival,Snorlax,Snorlax,Munchlax,Y
Hop,rival,Toxtricity,Toxtricity,Toxel,Y
Hop,rival,Trevenant,Trevenant,Phantump,Y
Hop,rival,Zacian,Zacian,Zacian,Y
Hop,rival,Zamazenta,Zamazenta,Zamazenta,Y
Hugh,rival,Bouffalant,Bouffalant,Bouffalant,Y
Hugh,rival,Dewott,Dewott,Oshawott,Y
Hugh,rival,Eelektross,Eelektross,Tynamo,Y
Hugh,rival,Emboar,Emboar,Tepig,Y
Hugh,rival,Flygon,Flygon,Trapinch,Y
Hugh,rival,Oshawott,Oshawott,Oshawott,Y
Hugh,rival,Pidove,Pidove,Pidove,Y
Hugh,rival,Pignite,Pignite,Tepig,Y
Hugh,rival,Samurott,Samurott,Oshawott,Y
Hugh,rival,Serperior,Serperior,Snivy,Y
Hugh,rival,Servine,Servine,Snivy,Y
Hugh,rival,Simipour,Simipour,Panpour,Y
Hugh,rival,Simisage,Simisage,Pansage,Y
Hugh,rival,Simisear,Simisear,Pansear,Y
Hugh,rival,Snivy,Snivy,Snivy,Y
Hugh,rival,Tepig,Tepig,Tepig,Y
Hugh,rival,Tranquill,Tranquill,Pidove,Y
Hugh,rival,Unfezant,Unfezant,Pidove,Y
Iono,gymleader,Bellibolt,Bellibolt,Tadbulb,Y
Iono,gymleader,Electivire,Electivire,Elekid,Y
Iono,gymleader,Electrode,Electrode,Voltorb,Y
Iono,gymleader,Flutter Mane,Flutter Mane,Flutter Mane,Y
Iono,gymleader,Kilowattrel,Kilowattrel,Wattrel,Y
Iono,gymleader,Luxio,Luxio,Shinx,Y
Iono,gymleader,Luxray,Luxray,Shinx,Y
Iono,gymleader,Magnemite,Magnemite,Magnemite,Y
Iono,gymleader,Mismagius,Mismagius,Misdreavus,Y
Iono,gymleader,Raging Bolt,Raging Bolt,Raging Bolt,Y
Iono,gymleader,Wattrel,Wattrel,Wattrel,Y
Iris,champion,Aggron,Aggron,Aron,Y
Iris,champion,Archeops,Archeops,Archen,Y
Iris,champion,Dragonite,Dragonite,Dratini,Y
Iris,champion,Druddigon,Druddigon,Druddigon,Y
Iris,champion,Emolga,Emolga,Emolga,Y
Iris,champion,Excadrill,Excadrill,Drilbur,Y
Iris,champion,Gible,Gible,Gible,Y
Iris,champion,Haxorus,Haxorus,Axew,Y
Iris,champion,Hydreigon,Hydreigon,Deino,Y
Iris,champion,Lapras,Lapras,Lapras,Y
Iris,champion,Naganadel,Naganadel,Poipole,Y
Iris,champion,Salamence,Salamence,Bagon,Y
James,anime,Aggron,Aggron,Aron,Y
James,anime,Amoonguss,Amoonguss,Foongus,Y
James,anime,Cacnea,Cacnea,Cacnea,Y
James,anime,Carnivine,Carnivine,Carnivine,Y
James,anime,Chimecho,Chimecho,Chingling,Y
James,anime,Growlithe,Growlithe,Growlithe,Y
James,anime,Gyarados,Gyarados,Magikarp,Y
James,anime,Hoppip,Hoppip,Hoppip,Y
James,anime,Inkay,Inkay,Inkay,Y
James,anime,Mareanie,Mareanie,Mareanie,Y
James,anime,Mime Jr.,Mime Jr.,Mime Jr.,Y
James,anime,Morpeko,Morpeko,Morpeko,Y
James,anime,Tyranitar,Tyranitar,Larvitar,Y
James,anime,Victreebel,Victreebel,Bellsprout,Y
James,anime,Weezing,Weezing,Koffing,Y
James,anime,Yamask,Yamask,Yamask,Y
Janine,gymleader,Arbok,Arbok,Ekans,Y
Janine,gymleader,Ariados,Ariados,Spinarak,Y
Janine,gymleader,Crobat,Crobat,Zubat,Y
Janine,gymleader,Drapion,Drapion,Skorupi,Y
Janine,gymleader,Nidoqueen,Nidoqueen,Nidoran♀,Y
Janine,gymleader,Roserade,Roserade,Budew,Y
Janine,gymleader,Tentacruel,Tentacruel,Tentacool,Y
Janine,gymleader,Toxicroak,Toxicroak,Croagunk,Y
Janine,gymleader,Venomoth,Venomoth,Venonat,Y
Janine,gymleader,Weezing,Weezing,Koffing,Y
Jasmine,gymleader,Ampharos,Ampharos,Mareep,Y
Jasmine,gymleader,Blastoise,Blastoise,Squirtle,Y
Jasmine,gymleader,Bronzong,Bronzong,Bronzor,Y
Jasmine,gymleader,Corsola,Corsola,Corsola,Y
Jasmine,gymleader,Empoleon,Empoleon,Piplup,Y
Jasmine,gymleader,Excadrill,Excadrill,Drilbur,Y
Jasmine,gymleader,Ferrothorn,Ferrothorn,Ferroseed,Y
Jasmine,gymleader,Forretress,Forretress,Pineco,Y
Jasmine,gymleader,Klinklang,Klinklang,Klink,Y
Jasmine,gymleader,Lucario,Lucario,Riolu,Y
Jasmine,gymleader,Magnemite,Magnemite,Magnemite,Y
Jasmine,gymleader,Magneton,Magneton,Magnemite,Y
Jasmine,gymleader,Magnezone,Magnezone,Magnemite,Y
Jasmine,gymleader,Mantine,Mantine,Mantyke,Y
Jasmine,gymleader,Mawile,Mawile,Mawile,Y
Jasmine,gymleader,Metagross,Metagross,Beldum,Y
Jasmine,gymleader,Rapidash,Rapidash,Ponyta,Y
Jasmine,gymleader,Scizor,Scizor,Scyther,Y
Jasmine,gymleader,Skarmory,Skarmory,Skarmory,Y
Jasmine,gymleader,Slowbro,Slowbro,Slowpoke,Y
Jasmine,gymleader,Stantler,Stantler,Stantler,Y
Jasmine,gymleader,Steelix,Steelix,Onix,Y
Jessie,anime,Arbok,Arbok,Ekans,Y
Jessie,anime,Cascoon,Cascoon,Wurmple,Y
Jessie,anime,Charizard,Charizard,Charmander,Y
Jessie,anime,Dustox,Dustox,Wurmple,Y
Jessie,anime,Ekans,Ekans,Ekans,Y
Jessie,anime,Frillish,Frillish,Frillish,Y
Jessie,anime,Gourgeist,Gourgeist,Pumpkaboo,Y
Jessie,anime,Gyarados,Gyarados,Magikarp,Y
Jessie,anime,Lickitung,Lickitung,Lickitung,Y
Jessie,anime,Magikarp,Magikarp,Magikarp,Y
Jessie,anime,Mawile,Mawile,Mawile,Y
Jessie,anime,Mimikyu,Mimikyu,Mimikyu,Y
Jessie,anime,Pumpkaboo,Pumpkaboo,Pumpkaboo,Y
Jessie,anime,Seviper,Seviper,Seviper,Y
Jessie,anime,Shellder,Shellder,Shellder,Y
Jessie,anime,Wobbuffet,Wobbuffet,Wynaut,Y
Jessie,anime,Woobat,Woobat,Woobat,Y
Jessie,anime,Wurmple,Wurmple,Wurmple,Y
Jessie,anime,Yanma,Yanma,Yanma,Y
Jessie,anime,Yanmega,Yanmega,Yanma,Y
Juan,gymleader,Crawdaunt,Crawdaunt,Corphish,Y
Juan,gymleader,Gorebyss,Gorebyss,Clamperl,Y
Juan,gymleader,Huntail,Huntail,Clamperl,Y
Juan,gymleader,Kingdra,Kingdra,Horsea,Y
Juan,gymleader,Lapras,Lapras,Lapras,Y
Juan,gymleader,Luvdisc,Luvdisc,Luvdisc,Y
Juan,gymleader,Milotic,Milotic,Feebas,Y
Juan,gymleader,Politoed,Politoed,Poliwag,Y
Juan,gymleader,Poliwag,Poliwag,Poliwag,Y
Juan,gymleader,Poliwhirl,Poliwhirl,Poliwag,Y
Juan,gymleader,Relicanth,Relicanth,Relicanth,Y
Juan,gymleader,Seaking,Seaking,Goldeen,Y
Juan,gymleader,Sealeo,Sealeo,Spheal,Y
Juan,gymleader,Walrein,Walrein,Spheal,Y
Juan,gymleader,Whiscash,Whiscash,Barboach,Y
Jupiter,villain,Bronzong,Bronzong,Bronzor,Y
Jupiter,villain,Bronzor,Bronzor,Bronzor,Y
Jupiter,villain,Crobat,Crobat,Zubat,Y
Jupiter,villain,Gengar,Gengar,Gastly,Y
Jupiter,villain,Golbat,Golbat,Zubat,Y
Jupiter,villain,Nidoking,Nidoking,Nidoran♂,Y
Jupiter,villain,Purugly,Purugly,Glameow,Y
Jupiter,villain,Skuntank,Skuntank,Stunky,Y
Jupiter,villain,Toxicroak,Toxicroak,Croagunk,Y
Jupiter,villain,Zubat,Zubat,Zubat,Y
Kabu,gymleader,Arcanine,Arcanine,Growlithe,Y
Kabu,gymleader,Camerupt,Camerupt,Numel,Y
Kabu,gymleader,Centiskorch,Centiskorch,Sizzlipede,Y
Kabu,gymleader,Ninetales,Ninetales,Vulpix,Y
Kabu,gymleader,Salazzle,Salazzle,Salandit,Y
Kabu,gymleader,Torkoal,Torkoal,Torkoal,Y
Kahili,elite4,Braviary,Braviary,Rufflet,Y
Kahili,elite4,Crobat,Crobat,Zubat,Y
Kahili,elite4,Hawlucha,Hawlucha,Hawlucha,Y
Kahili,elite4,Mandibuzz,Mandibuzz,Vullaby,Y
Kahili,elite4,Oricorio,Oricorio,Oricorio,Y
Kahili,elite4,Skarmory,Skarmory,Skarmory,Y
Kahili,elite4,Toucannon,Toucannon,Pikipek,Y
Karen,elite4,Absol,Absol,Absol,Y
Karen,elite4,Electrode,Electrode,Voltorb,Y
Karen,elite4,Gengar,Gengar,Gastly,Y
Karen,elite4,Honchkrow,Honchkrow,Murkrow,Y
Karen,elite4,Houndoom,Houndoom,Houndour,Y
Karen,elite4,Magmar,Magmar,Magby,Y
Karen,elite4,Misdreavus,Misdreavus,Misdreavus,Y
Karen,elite4,Murkrow,Murkrow,Murkrow,Y
Karen,elite4,Persian,Persian,Meowth,Y
Karen,elite4,Slowbro,Slowbro,Slowpoke,Y
Karen,elite4,Spiritomb,Spiritomb,Spiritomb,Y
Karen,elite4,Umbreon,Umbreon,Eevee,Y
Karen,elite4,Victreebel,Victreebel,Bellsprout,Y
Karen,elite4,Vileplume,Vileplume,Oddish,Y
Karen,elite4,Weavile,Weavile,Sneasel,Y
Katy,gymleader,Araquanid,Araquanid,Dewpider,Y
Katy,gymleader,Forretress,Forretress,Pineco,Y
Katy,gymleader,Heracross,Heracross,Heracross,Y
Katy,gymleader,Lokix,Lokix-Sevii,Nymble,Y
Katy,gymleader,Nymble,Nymble-Sevii,Nymble,Y
Katy,gymleader,Spidops,Spidops,Tarountula,Y
Katy,gymleader,Tarountula,Tarountula,Tarountula,Y
Katy,gymleader,Teddiursa,Teddiursa,Teddiursa,Y
Katy,gymleader,Ursaring,Ursaring,Teddiursa,Y
Kiawe (anime),anime,Charizard,Charizard,Charmander,Y
Kiawe (anime),anime,Marowak,Marowak,Cubone,Y
Kiawe (anime),anime,Turtonator,Turtonator,Turtonator,Y
Kofu,gymleader,Clawitzer,Clawitzer,Clauncher,Y
Kofu,gymleader,Crabominable,Crabominable,Crabrawler,Y
Kofu,gymleader,Feraligatr,Feraligatr,Totodile,Y
Kofu,gymleader,Pelipper,Pelipper,Wingull,Y
Kofu,gymleader,Veluza,Veluza,Veluza,Y
Kofu,gymleader,Wugtrio,Wugtrio,Wiglett,Y
Koga,elite4,Ariados,Ariados,Spinarak,Y
Koga,elite4,Crobat,Crobat,Zubat,Y
Koga,elite4,Forretress,Forretress,Pineco,Y
Koga,elite4,Golbat,Golbat,Zubat,Y
Koga,elite4,Koffing,Koffing,Koffing,Y
Koga,elite4,Muk,Muk,Grimer,Y
Koga,elite4,Skuntank,Skuntank,Stunky,Y
Koga,elite4,Swalot,Swalot,Gulpin,Y
Koga,elite4,Tentacruel,Tentacruel,Tentacool,Y
Koga,elite4,Toxicroak,Toxicroak,Croagunk,Y
Koga,elite4,Venomoth,Venomoth,Venonat,Y
Koga,elite4,Venonat,Venonat,Venonat,Y
Koga,elite4,Voltorb,Voltorb,Voltorb,Y
Koga,elite4,Weezing,Weezing,Koffing,Y
Korrina,gymleader,Chesnaught,Chesnaught,Chespin,Y
Korrina,gymleader,Crabominable,Crabominable,Crabrawler,Y
Korrina,gymleader,Gallade,Gallade,Ralts,Y
Korrina,gymleader,Hawlucha,Hawlucha,Hawlucha,Y
Korrina,gymleader,Lucario,Lucario,Riolu,Y
Korrina,gymleader,Machamp,Machamp,Machop,Y
Korrina,gymleader,Machoke,Machoke,Machop,Y
Korrina,gymleader,Medicham,Medicham,Meditite,Y
Korrina,gymleader,Mienfoo,Mienfoo,Mienfoo,Y
Korrina,gymleader,Mienshao,Mienshao,Mienfoo,Y
Korrina,gymleader,Riolu,Riolu,Riolu,Y
Korrina,gymleader,Sirfetch'd,Sirfetch’d,Farfetch’d,Y
Kris,protagonist,Chikorita,Chikorita,Chikorita,Y
Kris,protagonist,Cyndaquil,Cyndaquil,Cyndaquil,Y
Kris,protagonist,Igglybuff,Igglybuff,Igglybuff,Y
Kris,protagonist,Jolteon,Jolteon,Eevee,Y
Kris,protagonist,Suicune,Suicune,Suicune,Y
Kris,protagonist,Totodile,Totodile,Totodile,Y
Kukui,champion,Braviary,Braviary,Rufflet,Y
Kukui,champion,Decidueye,Decidueye,Rowlet,Y
Kukui,champion,Empoleon,Empoleon,Piplup,Y
Kukui,champion,Incineroar,Incineroar,Litten,Y
Kukui,champion,Lucario,Lucario,Riolu,Y
Kukui,champion,Lycanroc,Lycanroc,Rockruff,Y
Kukui,champion,Magnezone,Magnezone,Magnemite,Y
Kukui,champion,Ninetales,Ninetales,Vulpix,Y
Kukui,champion,Primarina,Primarina,Popplio,Y
Kukui,champion,Rockruff,Rockruff,Rockruff,Y
Kukui,champion,Snorlax,Snorlax,Munchlax,Y
Kukui,champion,Venusaur,Venusaur,Bulbasaur,Y
Lana (anime),anime,Dewpider,Dewpider,Dewpider,Y
Lana (anime),anime,Drampa,Drampa,Drampa,Y
Lana (anime),anime,Eevee,Eevee,Eevee,Y
Lana (anime),anime,Feebas,Feebas,Feebas,Y
Lana (anime),anime,Lapras,Lapras,Lapras,Y
Lana (anime),anime,Primarina,Primarina,Popplio,Y
Lana (anime),anime,Turtonator,Turtonator,Turtonator,Y
Lana (anime),anime,Xurkitree,Xurkitree,Xurkitree,Y
Lance,champion,Aerodactyl,Aerodactyl,Aerodactyl,Y
Lance,champion,Altaria,Altaria,Swablu,Y
Lance,champion,Charizard,Charizard,Charmander,Y
Lance,champion,Dragonair,Dragonair,Dratini,Y
Lance,champion,Dragonite,Dragonite,Dratini,Y
Lance,champion,Garchomp,Garchomp,Gible,Y
Lance,champion,Gyarados,Gyarados,Magikarp,Y
Lance,champion,Hydreigon,Hydreigon,Deino,Y
Lance,champion,Kingdra,Kingdra,Horsea,Y
Lance,champion,Salamence,Salamence,Bagon,Y
Larry,gymleader,Altaria,Altaria,Swablu,Y
Larry,gymleader,Braviary,Braviary,Rufflet,Y
Larry,gymleader,Dudunsparce,Dudunsparce,Dunsparce,Y
Larry,gymleader,Flamigo,Flamigo,Flamigo,Y
Larry,gymleader,Komala,Komala,Komala,Y
Larry,gymleader,Oinkologne,Oinkologne,Lechonk,Y
Larry,gymleader,Oricorio,Oricorio,Oricorio,Y
Larry,gymleader,Staraptor,Staraptor,Starly,Y
Larry,gymleader,Tauros,Tauros,Tauros,Y
Larry,gymleader,Tropius,Tropius,Tropius,Y
Leaf,protagonist,Blastoise,Blastoise,Squirtle,Y
Leaf,protagonist,Charizard,Charizard,Charmander,Y
Leaf,protagonist,Clefable,Clefable,Cleffa,Y
Leaf,protagonist,Eevee,Eevee,Eevee,Y
Leaf,protagonist,Ivysaur,Ivysaur,Bulbasaur,Y
Leaf,protagonist,Moltres,Moltres,Moltres,Y
Leaf,protagonist,Squirtle,Squirtle,Squirtle,Y
Leaf,protagonist,Venusaur,Venusaur,Bulbasaur,Y
Lenora,gymleader,Audino,Audino,Audino,Y
Lenora,gymleader,Braviary,Braviary,Rufflet,Y
Lenora,gymleader,Cinccino,Cinccino,Minccino,Y
Lenora,gymleader,Clefable,Clefable,Cleffa,Y
Lenora,gymleader,Dunsparce,Dunsparce,Dunsparce,Y
Lenora,gymleader,Herdier,Herdier,Lillipup,Y
Lenora,gymleader,Kangaskhan,Kangaskhan,Kangaskhan,Y
Lenora,gymleader,Lickilicky,Lickilicky,Lickitung,Y
Lenora,gymleader,Lillipup,Lillipup,Lillipup,Y
Lenora,gymleader,Sawsbuck,Sawsbuck,Deerling,Y
Lenora,gymleader,Watchog,Watchog,Patrat,Y
Leon,champion,Aegislash,Aegislash-Shield,Honedge,Y
Leon,champion,Charizard,Charizard,Charmander,Y
Leon,champion,Cinderace,Cinderace,Scorbunny,Y
Leon,champion,Dragapult,Dragapult,Dreepy,Y
Leon,champion,Eternatus,Eternatus,Eternatus,Y
Leon,champion,Haxorus,Haxorus,Axew,Y
Leon,champion,Inteleon,Inteleon,Sobble,Y
Leon,champion,Mr. Rime,Mr. Rime,Mime Jr.,Y
Leon,champion,Rhyperior,Rhyperior,Rhyhorn,Y
Leon,champion,Rillaboom,Rillaboom,Grookey,Y
Leon,champion,Seismitoad,Seismitoad,Tympole,Y
Lillie (anime),anime,Magearna,Magearna,Magearna,Y
Lillie (anime),anime,Vulpix,Vulpix,Vulpix,Y
Liza,gymleader,Claydol,Claydol,Baltoy,Y
Liza,gymleader,Drowzee,Drowzee,Drowzee,Y
Liza,gymleader,Hypno,Hypno,Drowzee,Y
Liza,gymleader,Lunatone,Lunatone,Lunatone,Y
Liza,gymleader,Slowking,Slowking,Slowpoke,Y
Liza,gymleader,Slowpoke,Slowpoke,Slowpoke,Y
Liza,gymleader,Solrock,Solrock,Solrock,Y
Liza,gymleader,Xatu,Xatu,Natu,Y
Lorelei,elite4,Articuno,Articuno,Articuno,Y
Lorelei,elite4,Cloyster,Cloyster,Shellder,Y
Lorelei,elite4,Dewgong,Dewgong,Seel,Y
Lorelei,elite4,Exeggutor,Exeggutor,Exeggcute,Y
Lorelei,elite4,Jynx,Jynx,Smoochum,Y
Lorelei,elite4,Lapras,Lapras,Lapras,Y
Lorelei,elite4,Omastar,Omastar,Omanyte,Y
Lorelei,elite4,Piloswine,Piloswine,Swinub,Y
Lorelei,elite4,Sandslash,Sandslash,Sandshrew,Y
Lorelei,elite4,Slowbro,Slowbro,Slowpoke,Y
Lorelei,elite4,Starmie,Starmie,Staryu,Y
Lorelei,elite4,Wigglytuff,Wigglytuff,Igglybuff,Y
Lt. Surge,gymleader,Ampharos,Ampharos,Mareep,Y
Lt. Surge,gymleader,Electabuzz,Electabuzz,Elekid,Y
Lt. Surge,gymleader,Electivire,Electivire,Elekid,Y
Lt. Surge,gymleader,Electrode,Electrode,Voltorb,Y
Lt. Surge,gymleader,Jolteon,Jolteon,Eevee,Y
Lt. Surge,gymleader,Lanturn,Lanturn,Chinchou,Y
Lt. Surge,gymleader,Magnemite,Magnemite,Magnemite,Y
Lt. Surge,gymleader,Magneton,Magneton,Magnemite,Y
Lt. Surge,gymleader,Magnezone,Magnezone,Magnemite,Y
Lt. Surge,gymleader,Manectric,Manectric,Electrike,Y
Lt. Surge,gymleader,Pachirisu,Pachirisu,Pachirisu,Y
Lt. Surge,gymleader,Pikachu,Pikachu,Pichu,Y
Lt. Surge,gymleader,Raichu,Raichu,Pichu,Y
Lt. Surge,gymleader,Voltorb,Voltorb,Voltorb,Y
Lucas,protagonist,Bidoof,Bidoof,Bidoof,Y
Lucas,protagonist,Chimchar,Chimchar,Chimchar,Y
Lucas,protagonist,Clefairy,Clefairy,Cleffa,Y
Lucas,protagonist,Infernape,Infernape,Chimchar,Y
Lucas,protagonist,Kadabra,Kadabra,Abra,Y
Lucas,protagonist,Magmortar,Magmortar,Magby,Y
Lucas,protagonist,Piplup,Piplup,Piplup,Y
Lucas,protagonist,Turtwig,Turtwig,Turtwig,Y
Lucian,elite4,Alakazam,Alakazam,Abra,Y
Lucian,elite4,Bronzong,Bronzong,Bronzor,Y
Lucian,elite4,Espeon,Espeon,Eevee,Y
Lucian,elite4,Gallade,Gallade,Ralts,Y
Lucian,elite4,Girafarig,Girafarig,Girafarig,Y
Lucian,elite4,Medicham,Medicham,Meditite,Y
Lucian,elite4,Mr. Mime,Mr. Mime,Mime Jr.,Y
Lucian,elite4,Slowbro,Slowbro,Slowpoke,Y
Lusamine,villain,Absol,Absol,Absol,Y
Lusamine,villain,Bewear,Bewear,Stufful,Y
Lusamine,villain,Clefable,Clefable,Cleffa,Y
Lusamine,villain,Herdier,Herdier,Lillipup,Y
Lusamine,villain,Lapras,Lapras,Lapras,Y
Lusamine,villain,Lilligant,Lilligant,Petilil,Y
Lusamine,villain,Lopunny,Lopunny,Buneary,Y
Lusamine,villain,Milotic,Milotic,Feebas,Y
Lusamine,villain,Mismagius,Mismagius,Misdreavus,Y
Lusamine,villain,Necrozma,Necrozma,Necrozma,Y
Lusamine,villain,Nihilego,Nihilego,Nihilego,Y
Lusamine,villain,Pheromosa,Pheromosa,Pheromosa,Y
Lusamine,villain,Salazzle,Salazzle,Salandit,Y
Lyra,protagonist,Bulbasaur,Bulbasaur,Bulbasaur,Y
Lyra,protagonist,Chikorita,Chikorita,Chikorita,Y
Lyra,protagonist,Cyndaquil,Cyndaquil,Cyndaquil,Y
Lyra,protagonist,Girafarig,Girafarig,Girafarig,Y
Lyra,protagonist,Marill,Marill,Azurill,Y
Lyra,protagonist,Porygon,Porygon,Porygon,Y
Lyra,protagonist,Rattata,Rattata,Rattata,Y
Lyra,protagonist,Tangela,Tangela,Tangela,Y
Lyra,protagonist,Tauros,Tauros,Tauros,Y
Lyra,protagonist,Totodile,Totodile,Totodile,Y
Lysandre,villain,Florges,Florges,Flabébé,Y
Lysandre,villain,Garbodor,Garbodor,Trubbish,Y
Lysandre,villain,Gyarados,Gyarados,Magikarp,Y
Lysandre,villain,Honchkrow,Honchkrow,Murkrow,Y
Lysandre,villain,Mienfoo,Mienfoo,Mienfoo,Y
Lysandre,villain,Mienshao,Mienshao,Mienfoo,Y
Lysandre,villain,Murkrow,Murkrow,Murkrow,Y
Lysandre,villain,Noivern,Noivern,Noibat,Y
Lysandre,villain,Pyroar,Pyroar,Litleo,Y
Lysandre,villain,Sableye,Sableye,Sableye,Y
Lysandre,villain,Volcanion,Volcanion,Volcanion,Y
Lysandre,villain,Xerneas,Xerneas,Xerneas,Y
Lysandre,villain,Yveltal,Yveltal,Yveltal,Y
Mallow (anime),anime,Shaymin,Shaymin,Shaymin,Y
Mallow (anime),anime,Tsareena,Tsareena,Bounsweet,Y
Malva,elite4,Aegislash,Aegislash-Shield,Honedge,Y
Malva,elite4,Chandelure,Chandelure,Litwick,Y
Malva,elite4,Delphox,Delphox,Fennekin,Y
Malva,elite4,Houndoom,Houndoom,Houndour,Y
Malva,elite4,Pyroar,Pyroar,Litleo,Y
Malva,elite4,Talonflame,Talonflame,Fletchling,Y
Malva,elite4,Torkoal,Torkoal,Torkoal,Y
Malva,elite4,Yveltal,Yveltal,Yveltal,Y
Marlon,gymleader,Alomomola,Alomomola,Alomomola,Y
Marlon,gymleader,Carracosta,Carracosta,Tirtouga,Y
Marlon,gymleader,Cloyster,Cloyster,Shellder,Y
Marlon,gymleader,Jellicent,Jellicent,Frillish,Y
Marlon,gymleader,Mantine,Mantine,Mantyke,Y
Marlon,gymleader,Quagsire,Quagsire,Wooper,Y
Marlon,gymleader,Starmie,Starmie,Staryu,Y
Marlon,gymleader,Wailord,Wailord,Wailmer,Y
Marnie,rival,Cinderace,Cinderace,Scorbunny,Y
Marnie,rival,Croagunk,Croagunk,Croagunk,Y
Marnie,rival,Cyclizar,Cyclizar,Cyclizar,Y
Marnie,rival,Grimmsnarl,Grimmsnarl,Impidimp,Y
Marnie,rival,Liepard,Liepard,Purrloin,Y
Marnie,rival,Mawile,Mawile,Mawile,Y
Marnie,rival,Moltres,Moltres,Moltres,Y
Marnie,rival,Morpeko,Morpeko,Morpeko,Y
Marnie,rival,Scrafty,Scrafty,Scraggy,Y
Marnie,rival,Scraggy,Scraggy,Scraggy,Y
Marnie,rival,Toxicroak,Toxicroak,Croagunk,Y
Mars,villain,Bronzong,Bronzong,Bronzor,Y
Mars,villain,Golbat,Golbat,Zubat,Y
Mars,villain,Purugly,Purugly,Glameow,Y
Mars,villain,Skuntank,Skuntank,Stunky,Y
Marshal,elite4,Breloom,Breloom,Shroomish,Y
Marshal,elite4,Conkeldurr,Conkeldurr,Timburr,Y
Marshal,elite4,Lucario,Lucario,Riolu,Y
Marshal,elite4,Machamp,Machamp,Machop,Y
Marshal,elite4,Medicham,Medicham,Meditite,Y
Marshal,elite4,Mienshao,Mienshao,Mienfoo,Y
Marshal,elite4,Sawk,Sawk,Sawk,Y
Marshal,elite4,Throh,Throh,Throh,Y
Marshal,elite4,Toxicroak,Toxicroak,Croagunk,Y
Maxie,villain,Camerupt,Camerupt,Numel,Y
Maxie,villain,Crobat,Crobat,Zubat,Y
Maxie,villain,Golbat,Golbat,Zubat,Y
Maxie,villain,Groudon,Groudon,Groudon,Y
Maxie,villain,Mightyena,Mightyena,Poochyena,Y
Maxie,villain,Poochyena,Poochyena,Poochyena,Y
Maxie,villain,Weezing,Weezing,Koffing,Y
Maxie,villain,Zubat,Zubat,Zubat,Y
May,protagonist,Beautifly,Beautifly,Wurmple,Y
May,protagonist,Blaziken,Blaziken,Torchic,Y
May,protagonist,Glaceon,Glaceon,Eevee,Y
May,protagonist,Hitmonchan,Hitmonchan,Tyrogue,Y
May,protagonist,Larvitar,Larvitar,Larvitar,Y
May,protagonist,Lombre,Lombre,Lotad,Y
May,protagonist,Lotad,Lotad,Lotad,Y
May,protagonist,Manaphy,Manaphy,Manaphy,Y
May,protagonist,Mudkip,Mudkip,Mudkip,Y
May,protagonist,Munchlax,Munchlax,Munchlax,Y
May,protagonist,Numel,Numel,Numel,Y
May,protagonist,Pelipper,Pelipper,Wingull,Y
May,protagonist,Sceptile,Sceptile,Treecko,Y
May,protagonist,Shroomish,Shroomish,Shroomish,Y
May,protagonist,Skitty,Skitty,Skitty,Y
May,protagonist,Swablu,Swablu,Swablu,Y
May,protagonist,Swampert,Swampert,Mudkip,Y
May,protagonist,Swellow,Swellow,Taillow,Y
May,protagonist,Torkoal,Torkoal,Torkoal,Y
May,protagonist,Venusaur,Venusaur,Bulbasaur,Y
May,protagonist,Wailmer,Wailmer,Wailmer,Y
May,protagonist,Wartortle,Wartortle,Squirtle,Y
May,protagonist,Wingull,Wingull,Wingull,Y
Maylene,gymleader,Breloom,Breloom,Shroomish,Y
Maylene,gymleader,Heracross,Heracross,Heracross,Y
Maylene,gymleader,Hitmontop,Hitmontop,Tyrogue,Y
Maylene,gymleader,Infernape,Infernape,Chimchar,Y
Maylene,gymleader,Lucario,Lucario,Riolu,Y
Maylene,gymleader,Machamp,Machamp,Machop,Y
Maylene,gymleader,Machoke,Machoke,Machop,Y
Maylene,gymleader,Medicham,Medicham,Meditite,Y
Maylene,gymleader,Meditite,Meditite,Meditite,Y
Melony,gymleader,Darmanitan,Darmanitan,Darumaka,Y
Melony,gymleader,Eiscue,Eiscue,Eiscue,Y
Melony,gymleader,Frosmoth,Frosmoth,Snom,Y
Melony,gymleader,Lapras,Lapras,Lapras,Y
Melony,gymleader,Mr. Rime,Mr. Rime,Mime Jr.,Y
Milo,gymleader,Appletun,Appletun,Applin,Y
Milo,gymleader,Bellossom,Bellossom,Oddish,Y
Milo,gymleader,Cherrim,Cherrim,Cherubi,Y
Milo,gymleader,Eldegoss,Eldegoss,Gossifleur,Y
Milo,gymleader,Flapple,Flapple,Applin,Y
Milo,gymleader,Gossifleur,Gossifleur,Gossifleur,Y
Milo,gymleader,Ludicolo,Ludicolo,Lotad,Y
Milo,gymleader,Shiftry,Shiftry,Seedot,Y
Milo,gymleader,Tsareena,Tsareena,Bounsweet,Y
Misty,gymleader,Azurill,Azurill,Azurill,Y
Misty,gymleader,Blastoise,Blastoise,Squirtle,Y
Misty,gymleader,Carracosta,Carracosta,Tirtouga,Y
Misty,gymleader,Clauncher,Clauncher,Clauncher,Y
Misty,gymleader,Corsola,Corsola,Corsola,Y
Misty,gymleader,Dewgong,Dewgong,Seel,Y
Misty,gymleader,Floatzel,Floatzel,Buizel,Y
Misty,gymleader,Goldeen,Goldeen,Goldeen,Y
Misty,gymleader,Golduck,Golduck,Psyduck,Y
Misty,gymleader,Gyarados,Gyarados,Magikarp,Y
Misty,gymleader,Horsea,Horsea,Horsea,Y
Misty,gymleader,Jellicent,Jellicent,Frillish,Y
Misty,gymleader,Lanturn,Lanturn,Chinchou,Y
Misty,gymleader,Lapras,Lapras,Lapras,Y
Misty,gymleader,Luvdisc,Luvdisc,Luvdisc,Y
Misty,gymleader,Milotic,Milotic,Feebas,Y
Misty,gymleader,Politoed,Politoed,Poliwag,Y
Misty,gymleader,Poliwag,Poliwag,Poliwag,Y
Misty,gymleader,Poliwhirl,Poliwhirl,Poliwag,Y
Misty,gymleader,Psyduck,Psyduck,Psyduck,Y
Misty,gymleader,Quagsire,Quagsire,Wooper,Y
Misty,gymleader,Seaking,Seaking,Goldeen,Y
Misty,gymleader,Slowbro,Slowbro,Slowpoke,Y
Misty,gymleader,Starmie,Starmie,Staryu,Y
Misty,gymleader,Staryu,Staryu,Staryu,Y
Misty,gymleader,Swanna,Swanna,Ducklett,Y
Misty,gymleader,Togepi,Togepi,Togepi,Y
Misty,gymleader,Togetic,Togetic,Togepi,Y
Misty,gymleader,Vaporeon,Vaporeon,Eevee,Y
Molayne,elite4,Ampharos,Ampharos,Mareep,Y
Molayne,elite4,Bisharp,Bisharp,Pawniard,Y
Molayne,elite4,Dugtrio,Dugtrio,Diglett,Y
Molayne,elite4,Klefki,Klefki,Klefki,Y
Molayne,elite4,Magneton,Magneton,Magnemite,Y
Molayne,elite4,Magnezone,Magnezone,Magnemite,Y
Molayne,elite4,Metagross,Metagross,Beldum,Y
Molayne,elite4,Metang,Metang,Beldum,Y
Molayne,elite4,Sandslash,Sandslash,Sandshrew,Y
Molayne,elite4,Skarmory,Skarmory,Skarmory,Y
Morty,gymleader,Ariados,Ariados,Spinarak,Y
Morty,gymleader,Banette,Banette,Shuppet,Y
Morty,gymleader,Chandelure,Chandelure,Litwick,Y
Morty,gymleader,Cofagrigus,Cofagrigus,Yamask,Y
Morty,gymleader,Drifblim,Drifblim,Drifloon,Y
Morty,gymleader,Dusknoir,Dusknoir,Duskull,Y
Morty,gymleader,Exeggutor,Exeggutor,Exeggcute,Y
Morty,gymleader,Froslass,Froslass,Snorunt,Y
Morty,gymleader,Gastly,Gastly,Gastly,Y
Morty,gymleader,Gengar,Gengar,Gastly,Y
Morty,gymleader,Girafarig,Girafarig,Girafarig,Y
Morty,gymleader,Granbull,Granbull,Snubbull,Y
Morty,gymleader,Haunter,Haunter,Gastly,Y
Morty,gymleader,Jellicent,Jellicent,Frillish,Y
Morty,gymleader,Lapras,Lapras,Lapras,Y
Morty,gymleader,Mantine,Mantine,Mantyke,Y
Morty,gymleader,Marowak,Marowak,Cubone,Y
Morty,gymleader,Misdreavus,Misdreavus,Misdreavus,Y
Morty,gymleader,Mismagius,Mismagius,Misdreavus,Y
Morty,gymleader,Noctowl,Noctowl,Hoothoot,Y
Morty,gymleader,Sableye,Sableye,Sableye,Y
Morty,gymleader,Sudowoodo,Sudowoodo,Bonsly,Y
N,rival,Abomasnow,Abomasnow,Snover,Y
N,rival,Alomomola,Alomomola,Alomomola,Y
N,rival,Arcanine,Arcanine,Growlithe,Y
N,rival,Archeops,Archeops,Archen,Y
N,rival,Armaldo,Armaldo,Anorith,Y
N,rival,Boldore,Boldore,Roggenrola,Y
N,rival,Braviary,Braviary,Rufflet,Y
N,rival,Carracosta,Carracosta,Tirtouga,Y
N,rival,Cloyster,Cloyster,Shellder,Y
N,rival,Cradily,Cradily,Lileep,Y
N,rival,Darumaka,Darumaka,Darumaka,Y
N,rival,Deerling,Deerling,Deerling,Y
N,rival,Ferroseed,Ferroseed,Ferroseed,Y
N,rival,Gastrodon,Gastrodon,Shellos,Y
N,rival,Growlithe,Growlithe,Growlithe,Y
N,rival,Hippowdon,Hippowdon,Hippopotas,Y
N,rival,Joltik,Joltik,Joltik,Y
N,rival,Kabutops,Kabutops,Kabuto,Y
N,rival,Klink,Klink,Klink,Y
N,rival,Klinklang,Klinklang,Klink,Y
N,rival,Lanturn,Lanturn,Chinchou,Y
N,rival,Leafeon,Leafeon,Eevee,Y
N,rival,Lillipup,Lillipup,Lillipup,Y
N,rival,Mamoswine,Mamoswine,Swinub,Y
N,rival,Minccino,Minccino,Minccino,Y
N,rival,Ninetales,Ninetales,Vulpix,Y
N,rival,Ninjask,Ninjask,Nincada,Y
N,rival,Omastar,Omastar,Omanyte,Y
N,rival,Pidove,Pidove,Pidove,Y
N,rival,Politoed,Politoed,Poliwag,Y
N,rival,Purrloin,Purrloin,Purrloin,Y
N,rival,Rapidash,Rapidash,Ponyta,Y
N,rival,Reshiram,Reshiram,Reshiram,Y
N,rival,Rhyperior,Rhyperior,Rhyhorn,Y
N,rival,Sandile,Sandile,Sandile,Y
N,rival,Sawsbuck,Sawsbuck,Deerling,Y
N,rival,Scizor,Scizor,Scyther,Y
N,rival,Scraggy,Scraggy,Scraggy,Y
N,rival,Shiftry,Shiftry,Seedot,Y
N,rival,Sigilyph,Sigilyph,Sigilyph,Y
N,rival,Starmie,Starmie,Staryu,Y
N,rival,Tentacruel,Tentacruel,Tentacool,Y
N,rival,Timburr,Timburr,Timburr,Y
N,rival,Tympole,Tympole,Tympole,Y
N,rival,Vanilluxe,Vanilluxe,Vanillite,Y
N,rival,Woobat,Woobat,Woobat,Y
N,rival,Zekrom,Zekrom,Zekrom,Y
N,rival,Zoroark,Zoroark,Zorua,Y
Nando,anime,Altaria,Altaria,Swablu,Y
Nando,anime,Armaldo,Armaldo,Anorith,Y
Nando,anime,Kricketot,Kricketot,Kricketot,Y
Nando,anime,Kricketune,Kricketune,Kricketot,Y
Nando,anime,Lopunny,Lopunny,Buneary,Y
Nando,anime,Roserade,Roserade,Budew,Y
Nando,anime,Sunflora,Sunflora,Sunkern,Y
Nanu,gymleader,Absol,Absol,Absol,Y
Nanu,gymleader,Honchkrow,Honchkrow,Murkrow,Y
Nanu,gymleader,Krookodile,Krookodile,Sandile,Y
Nanu,gymleader,Meowth,Meowth,Meowth,Y
Nanu,gymleader,Persian,Persian,Meowth,Y
Nanu,gymleader,Sableye,Sableye,Sableye,Y
Nate,protagonist,Arcanine,Arcanine,Growlithe,Y
Nate,protagonist,Braviary,Braviary,Rufflet,Y
Nate,protagonist,Dewott,Dewott,Oshawott,Y
Nate,protagonist,Emboar,Emboar,Tepig,Y
Nate,protagonist,Haxorus,Haxorus,Axew,Y
Nate,protagonist,Lucario,Lucario,Riolu,Y
Nate,protagonist,Panpour,Panpour,Panpour,Y
Nate,protagonist,Pansage,Pansage,Pansage,Y
Nate,protagonist,Pansear,Pansear,Pansear,Y
Nate,protagonist,Pignite,Pignite,Tepig,Y
Nate,protagonist,Servine,Servine,Snivy,Y
Nate,protagonist,Tepig,Tepig,Tepig,Y
Nemona,champion,Dudunsparce,Dudunsparce,Dunsparce,Y
Nemona,champion,Goodra,Goodra,Goomy,Y
Nemona,champion,Lycanroc,Lycanroc,Rockruff,Y
Nemona,champion,Meowscarada,Meowscarada,Sprigatito,Y
Nemona,champion,Orthworm,Orthworm,Orthworm,Y
Nemona,champion,Pawmot,Pawmot,Pawmi,Y
Nemona,champion,Quaquaval,Quaquaval,Quaxly,Y
Nemona,champion,Skeledirge,Skeledirge,Fuecoco,Y
Nemona,champion,Tauros,Tauros,Tauros,Y
Nessa,gymleader,Arrokuda,Arrokuda,Arrokuda,Y
Nessa,gymleader,Barraskewda,Barraskewda,Arrokuda,Y
Nessa,gymleader,Drednaw,Drednaw,Chewtle,Y
Nessa,gymleader,Eiscue,Eiscue,Eiscue,Y
Nessa,gymleader,Feebas,Feebas,Feebas,Y
Nessa,gymleader,Goldeen,Goldeen,Goldeen,Y
Nessa,gymleader,Golisopod,Golisopod,Wimpod,Y
Nessa,gymleader,Milotic,Milotic,Feebas,Y
Nessa,gymleader,Pelipper,Pelipper,Wingull,Y
Nessa,gymleader,Quagsire,Quagsire,Wooper,Y
Nessa,gymleader,Seaking,Seaking,Goldeen,Y
Nessa,gymleader,Toxapex,Toxapex,Mareanie,Y
Norman,gymleader,Ambipom,Ambipom,Aipom,Y
Norman,gymleader,Blissey,Blissey,Happiny,Y
Norman,gymleader,Bouffalant,Bouffalant,Bouffalant,Y
Norman,gymleader,Castform,Castform,Castform,Y
Norman,gymleader,Chansey,Chansey,Happiny,Y
Norman,gymleader,Exploud,Exploud,Whismur,Y
Norman,gymleader,Kangaskhan,Kangaskhan,Kangaskhan,Y
Norman,gymleader,Kecleon,Kecleon,Kecleon,Y
Norman,gymleader,Linoone,Linoone,Zigzagoon,Y
Norman,gymleader,Sawsbuck,Sawsbuck,Deerling,Y
Norman,gymleader,Slaking,Slaking,Slakoth,Y
Norman,gymleader,Slakoth,Slakoth,Slakoth,Y
Norman,gymleader,Spinda,Spinda,Spinda,Y
Norman,gymleader,Staraptor,Staraptor,Starly,Y
Norman,gymleader,Stoutland,Stoutland,Lillipup,Y
Norman,gymleader,Tauros,Tauros,Tauros,Y
Norman,gymleader,Vigoroth,Vigoroth,Slakoth,Y
Norman,gymleader,Zangoose,Zangoose,Zangoose,Y
Norman,gymleader,Zigzagoon,Zigzagoon,Zigzagoon,Y
Olivia,gymleader,Anorith,Anorith,Anorith,Y
Olivia,gymleader,Armaldo,Armaldo,Anorith,Y
Olivia,gymleader,Boldore,Boldore,Roggenrola,Y
Olivia,gymleader,Carbink,Carbink,Carbink,Y
Olivia,gymleader,Cradily,Cradily,Lileep,Y
Olivia,gymleader,Gigalith,Gigalith,Roggenrola,Y
Olivia,gymleader,Golem,Golem,Geodude,Y
Olivia,gymleader,Lileep,Lileep,Lileep,Y
Olivia,gymleader,Lycanroc,Lycanroc,Rockruff,Y
Olivia,gymleader,Nosepass,Nosepass,Nosepass,Y
Olivia,gymleader,Probopass,Probopass,Nosepass,Y
Olivia,gymleader,Relicanth,Relicanth,Relicanth,Y
Olivia,gymleader,Stufful,Stufful,Stufful,Y
Olympia,gymleader,Meowstic,Meowstic,Espurr,Y
Olympia,gymleader,Sigilyph,Sigilyph,Sigilyph,Y
Olympia,gymleader,Slowking,Slowking,Slowpoke,Y
Opal,gymleader,Alcremie,Alcremie,Milcery,Y
Opal,gymleader,Mawile,Mawile,Mawile,Y
Opal,gymleader,Togekiss,Togekiss,Togepi,Y
Opal,gymleader,Weezing,Weezing,Koffing,Y
Paul,anime,Aggron,Aggron,Aron,Y
Paul,anime,Azumarill,Azumarill,Azurill,Y
Paul,anime,Chimchar,Chimchar,Chimchar,Y
Paul,anime,Drapion,Drapion,Skorupi,Y
Paul,anime,Electivire,Electivire,Elekid,Y
Paul,anime,Froslass,Froslass,Snorunt,Y
Paul,anime,Garchomp,Garchomp,Gible,Y
Paul,anime,Gastrodon,Gastrodon,Shellos,Y
Paul,anime,Gliscor,Gliscor,Gligar,Y
Paul,anime,Gyarados,Gyarados,Magikarp,Y
Paul,anime,Hariyama,Hariyama,Makuhita,Y
Paul,anime,Honchkrow,Honchkrow,Murkrow,Y
Paul,anime,Magmortar,Magmortar,Magby,Y
Paul,anime,Metagross,Metagross,Beldum,Y
Paul,anime,Nidoking,Nidoking,Nidoran♂,Y
Paul,anime,Ninjask,Ninjask,Nincada,Y
Paul,anime,Stantler,Stantler,Stantler,Y
Paul,anime,Starly,Starly,Starly,Y
Paul,anime,Torterra,Torterra,Turtwig,Y
Paul,anime,Ursaring,Ursaring,Teddiursa,Y
Paul,anime,Weavile,Weavile,Sneasel,Y
Penny,rival,Eevee,Eevee,Eevee,Y
Penny,rival,Flareon,Flareon,Eevee,Y
Penny,rival,Jolteon,Jolteon,Eevee,Y
Penny,rival,Leafeon,Leafeon,Eevee,Y
Penny,rival,Sylveon,Sylveon,Eevee,Y
Penny,rival,Umbreon,Umbreon,Eevee,Y
Penny,rival,Vaporeon,Vaporeon,Eevee,Y
Phoebe,elite4,Banette,Banette,Shuppet,Y
Phoebe,elite4,Chandelure,Chandelure,Litwick,Y
Phoebe,elite4,Drifblim,Drifblim,Drifloon,Y
Phoebe,elite4,Dusclops,Dusclops,Duskull,Y
Phoebe,elite4,Dusknoir,Dusknoir,Duskull,Y
Phoebe,elite4,Mismagius,Mismagius,Misdreavus,Y
Phoebe,elite4,Sableye,Sableye,Sableye,Y
Piers,gymleader,Malamar,Malamar,Inkay,Y
Piers,gymleader,Morpeko,Morpeko,Morpeko,Y
Piers,gymleader,Obstagoon,Obstagoon,Zigzagoon,Y
Piers,gymleader,Scrafty,Scrafty,Scraggy,Y
Piers,gymleader,Skuntank,Skuntank,Stunky,Y
Piers,gymleader,Toxtricity,Toxtricity,Toxel,Y
Plumeria,villain,Crobat,Crobat,Zubat,Y
Plumeria,villain,Gengar,Gengar,Gastly,Y
Plumeria,villain,Golbat,Golbat,Zubat,Y
Plumeria,villain,Lurantis,Lurantis,Fomantis,Y
Plumeria,villain,Muk,Muk,Grimer,Y
Plumeria,villain,Salandit,Salandit,Salandit,Y
Plumeria,villain,Salazzle,Salazzle,Salandit,Y
Plumeria,villain,Toxapex,Toxapex,Mareanie,Y
Poppy,elite4,Bastiodon,Bastiodon,Shieldon,Y
Poppy,elite4,Bronzong,Bronzong,Bronzor,Y
Poppy,elite4,Copperajah,Copperajah,Cufant,Y
Poppy,elite4,Corviknight,Corviknight,Rookidee,Y
Poppy,elite4,Magnezone,Magnezone,Magnemite,Y
Poppy,elite4,Tinkaton,Tinkaton,Tinkatink,Y
Pryce,gymleader,Abomasnow,Abomasnow,Snover,Y
Pryce,gymleader,Articuno,Articuno,Articuno,Y
Pryce,gymleader,Cloyster,Cloyster,Shellder,Y
Pryce,gymleader,Dewgong,Dewgong,Seel,Y
Pryce,gymleader,Donphan,Donphan,Phanpy,Y
Pryce,gymleader,Froslass,Froslass,Snorunt,Y
Pryce,gymleader,Girafarig,Girafarig,Girafarig,Y
Pryce,gymleader,Glalie,Glalie,Snorunt,Y
Pryce,gymleader,Hitmontop,Hitmontop,Tyrogue,Y
Pryce,gymleader,Jynx,Jynx,Smoochum,Y
Pryce,gymleader,Lapras,Lapras,Lapras,Y
Pryce,gymleader,Mamoswine,Mamoswine,Swinub,Y
Pryce,gymleader,Piloswine,Piloswine,Swinub,Y
Pryce,gymleader,Quagsire,Quagsire,Wooper,Y
Pryce,gymleader,Seel,Seel,Seel,Y
Pryce,gymleader,Shellder,Shellder,Shellder,Y
Pryce,gymleader,Tentacruel,Tentacruel,Tentacool,Y
Pryce,gymleader,Ursaring,Ursaring,Teddiursa,Y
Pryce,gymleader,Walrein,Walrein,Spheal,Y
Pryce,gymleader,Weavile,Weavile,Sneasel,Y
Raihan,gymleader,Duraludon,Duraludon,Duraludon,Y
Raihan,gymleader,Flygon,Flygon,Trapinch,Y
Raihan,gymleader,Gigalith,Gigalith,Roggenrola,Y
Raihan,gymleader,Goodra,Goodra,Goomy,Y
Raihan,gymleader,Sandaconda,Sandaconda,Silicobra,Y
Raihan,gymleader,Torkoal,Torkoal,Torkoal,Y
Raihan,gymleader,Turtonator,Turtonator,Turtonator,Y
Ramos,gymleader,Bellossom,Bellossom,Oddish,Y
Ramos,gymleader,Exeggutor,Exeggutor,Exeggcute,Y
Ramos,gymleader,Gogoat,Gogoat,Skiddo,Y
Ramos,gymleader,Jumpluff,Jumpluff,Hoppip,Y
Ramos,gymleader,Oddish,Oddish,Oddish,Y
Ramos,gymleader,Sunflora,Sunflora,Sunkern,Y
Ramos,gymleader,Victreebel,Victreebel,Bellsprout,Y
Ramos,gymleader,Vileplume,Vileplume,Oddish,Y
Ramos,gymleader,Weepinbell,Weepinbell,Bellsprout,Y
Red,protagonist,Arbok,Arbok,Ekans,Y
Red,protagonist,Articuno,Articuno,Articuno,Y
Red,protagonist,Blastoise,Blastoise,Squirtle,Y
Red,protagonist,Caterpie,Caterpie,Caterpie,Y
Red,protagonist,Chansey,Chansey,Happiny,Y
Red,protagonist,Charizard,Charizard,Charmander,Y
Red,protagonist,Dodrio,Dodrio,Doduo,Y
Red,protagonist,Espeon,Espeon,Eevee,Y
Red,protagonist,Fearow,Fearow,Spearow,Y
Red,protagonist,Gengar,Gengar,Gastly,Y
Red,protagonist,Hitmonlee,Hitmonlee,Tyrogue,Y
Red,protagonist,Jolteon,Jolteon,Eevee,Y
Red,protagonist,Kabutops,Kabutops,Kabuto,Y
Red,protagonist,Lapras,Lapras,Lapras,Y
Red,protagonist,Magikarp,Magikarp,Magikarp,Y
Red,protagonist,Mewtwo,Mewtwo,Mewtwo,Y
Red,protagonist,Moltres,Moltres,Moltres,Y
Red,protagonist,Nidoran♂,Nidoran-M,Nidoran♂,Y
Red,protagonist,Persian,Persian,Meowth,Y
Red,protagonist,Pidgey,Pidgey,Pidgey,Y
Red,protagonist,Pikachu,Pikachu,Pichu,Y
Red,protagonist,Psyduck,Psyduck,Psyduck,Y
Red,protagonist,Rapidash,Rapidash,Ponyta,Y
Red,protagonist,Rattata,Rattata,Rattata,Y
Red,protagonist,Scyther,Scyther,Scyther,Y
Red,protagonist,Snorlax,Snorlax,Munchlax,Y
Red,protagonist,Spearow,Spearow,Spearow,Y
Red,protagonist,Tauros,Tauros,Tauros,Y
Red,protagonist,Tentacool,Tentacool,Tentacool,Y
Red,protagonist,Venusaur,Venusaur,Bulbasaur,Y
Red,protagonist,Victreebel,Victreebel,Bellsprout,Y
Red,protagonist,Zapdos,Zapdos,Zapdos,Y
Rika,elite4,Camerupt,Camerupt,Numel,Y
Rika,elite4,Clodsire,Clodsire,Wooper,Y
Rika,elite4,Donphan,Donphan,Phanpy,Y
Rika,elite4,Dugtrio,Dugtrio,Diglett,Y
Rika,elite4,Torterra,Torterra,Turtwig,Y
Rika,elite4,Whiscash,Whiscash,Barboach,Y
Ritchie,anime,Butterfree,Butterfree,Caterpie,Y
Ritchie,anime,Charmeleon,Charmeleon,Charmander,Y
Ritchie,anime,Pikachu,Pikachu,Pichu,Y
Ritchie,anime,Pupitar,Pupitar,Larvitar,Y
Ritchie,anime,Spearow,Spearow,Spearow,Y
Ritchie,anime,Taillow,Taillow,Taillow,Y
Ritchie,anime,Tentacool,Tentacool,Tentacool,Y
Roark,gymleader,Aerodactyl,Aerodactyl,Aerodactyl,Y
Roark,gymleader,Archeops,Archeops,Archen,Y
Roark,gymleader,Armaldo,Armaldo,Anorith,Y
Roark,gymleader,Cranidos,Cranidos,Cranidos,Y
Roark,gymleader,Crustle,Crustle,Dwebble,Y
Roark,gymleader,Geodude,Geodude,Geodude,Y
Roark,gymleader,Golem,Golem,Geodude,Y
Roark,gymleader,Onix,Onix,Onix,Y
Roark,gymleader,Probopass,Probopass,Nosepass,Y
Roark,gymleader,Rampardos,Rampardos,Cranidos,Y
Roark,gymleader,Relicanth,Relicanth,Relicanth,Y
Roark,gymleader,Sudowoodo,Sudowoodo,Bonsly,Y
Roark,gymleader,Tyranitar,Tyranitar,Larvitar,Y
Rosa,protagonist,Deerling,Deerling,Deerling,Y
Rosa,protagonist,Delibird,Delibird,Delibird,Y
Rosa,protagonist,Meloetta,Meloetta,Meloetta,Y
Rosa,protagonist,Oshawott,Oshawott,Oshawott,Y
Rosa,protagonist,Shaymin,Shaymin,Shaymin,Y
Rosa,protagonist,Snivy,Snivy,Snivy,Y
Rosa,protagonist,Tepig,Tepig,Tepig,Y
Rose,villain,Copperajah,Copperajah,Cufant,Y
Rose,villain,Escavalier,Escavalier,Karrablast,Y
Rose,villain,Ferrothorn,Ferrothorn,Ferroseed,Y
Rose,villain,Klinklang,Klinklang,Klink,Y
Rose,villain,Perrserker,Perrserker,Meowth,Y
Roxanne,gymleader,Aerodactyl,Aerodactyl,Aerodactyl,Y
Roxanne,gymleader,Aggron,Aggron,Aron,Y
Roxanne,gymleader,Armaldo,Armaldo,Anorith,Y
Roxanne,gymleader,Carracosta,Carracosta,Tirtouga,Y
Roxanne,gymleader,Cradily,Cradily,Lileep,Y
Roxanne,gymleader,Geodude,Geodude,Geodude,Y
Roxanne,gymleader,Golem,Golem,Geodude,Y
Roxanne,gymleader,Kabuto,Kabuto,Kabuto,Y
Roxanne,gymleader,Kabutops,Kabutops,Kabuto,Y
Roxanne,gymleader,Nosepass,Nosepass,Nosepass,Y
Roxanne,gymleader,Omanyte,Omanyte,Omanyte,Y
Roxanne,gymleader,Omastar,Omastar,Omanyte,Y
Roxanne,gymleader,Onix,Onix,Onix,Y
Roxanne,gymleader,Probopass,Probopass,Nosepass,Y
Roxanne,gymleader,Relicanth,Relicanth,Relicanth,Y
Roxanne,gymleader,Runerigus,Runerigus,Yamask,Y
Roxanne,gymleader,Steelix,Steelix,Onix,Y
Roxie,gymleader,Amoonguss,Amoonguss,Foongus,Y
Roxie,gymleader,Crobat,Crobat,Zubat,Y
Roxie,gymleader,Drapion,Drapion,Skorupi,Y
Roxie,gymleader,Garbodor,Garbodor,Trubbish,Y
Roxie,gymleader,Golbat,Golbat,Zubat,Y
Roxie,gymleader,Grimer,Grimer,Grimer,Y
Roxie,gymleader,Koffing,Koffing,Koffing,Y
Roxie,gymleader,Scolipede,Scolipede,Venipede,Y
Roxie,gymleader,Seviper,Seviper,Seviper,Y
Roxie,gymleader,Toxicroak,Toxicroak,Croagunk,Y
Roxie,gymleader,Toxtricity,Toxtricity,Toxel,Y
Roxie,gymleader,Whirlipede,Whirlipede,Venipede,Y
Ryme,gymleader,Banette,Banette,Shuppet,Y
Ryme,gymleader,Golurk,Golurk,Golett,Y
Ryme,gymleader,Greavard,Greavard,Greavard,Y
Ryme,gymleader,Houndstone,Houndstone,Greavard,Y
Ryme,gymleader,Mimikyu,Mimikyu,Mimikyu,Y
Ryme,gymleader,Spiritomb,Spiritomb,Spiritomb,Y
Ryme,gymleader,Toxtricity,Toxtricity,Toxel,Y
Sabrina,gymleader,Abra,Abra,Abra,Y
Sabrina,gymleader,Alakazam,Alakazam,Abra,Y
Sabrina,gymleader,Espeon,Espeon,Eevee,Y
Sabrina,gymleader,Exeggutor,Exeggutor,Exeggcute,Y
Sabrina,gymleader,Gallade,Gallade,Ralts,Y
Sabrina,gymleader,Haunter,Haunter,Gastly,Y
Sabrina,gymleader,Hypno,Hypno,Drowzee,Y
Sabrina,gymleader,Jynx,Jynx,Smoochum,Y
Sabrina,gymleader,Kadabra,Kadabra,Abra,Y
Sabrina,gymleader,Metagross,Metagross,Beldum,Y
Sabrina,gymleader,Mr. Mime,Mr. Mime,Mime Jr.,Y
Sabrina,gymleader,Sigilyph,Sigilyph,Sigilyph,Y
Sabrina,gymleader,Slowbro,Slowbro,Slowpoke,Y
Sabrina,gymleader,Slowking,Slowking,Slowpoke,Y
Sabrina,gymleader,Venomoth,Venomoth,Venonat,Y
Sabrina,gymleader,Wobbuffet,Wobbuffet,Wynaut,Y
Saturn,villain,Bronzor,Bronzor,Bronzor,Y
Saturn,villain,Golbat,Golbat,Zubat,Y
Saturn,villain,Kadabra,Kadabra,Abra,Y
Saturn,villain,Rhyperior,Rhyperior,Rhyhorn,Y
Saturn,villain,Sharpedo,Sharpedo,Carvanha,Y
Saturn,villain,Skuntank,Skuntank,Stunky,Y
Saturn,villain,Toxicroak,Toxicroak,Croagunk,Y
Sawyer,anime,Aegislash,Aegislash-Shield,Honedge,Y
Sawyer,anime,Clawitzer,Clawitzer,Clauncher,Y
Sawyer,anime,Salamence,Salamence,Bagon,Y
Sawyer,anime,Sceptile,Sceptile,Treecko,Y
Sawyer,anime,Slaking,Slaking,Slakoth,Y
Sawyer,anime,Slurpuff,Slurpuff,Swirlix,Y
Selene,protagonist,Litten,Litten,Litten,Y
Selene,protagonist,Lunala,Lunala,Cosmog,Y
Selene,protagonist,Necrozma,Necrozma,Necrozma,Y
Selene,protagonist,Nihilego,Nihilego,Nihilego,Y
Selene,protagonist,Popplio,Popplio,Popplio,Y
Selene,protagonist,Rowlet,Rowlet,Rowlet,Y
Selene,protagonist,Scizor,Scizor,Scyther,Y
Selene,protagonist,Solgaleo,Solgaleo,Cosmog,Y
Selene,protagonist,Umbreon,Umbreon,Eevee,Y
Serena,protagonist,Eevee,Eevee,Eevee,Y
Serena,protagonist,Fennekin,Fennekin,Fennekin,Y
Serena,protagonist,Pancham,Pancham,Pancham,Y
Shauna,rival,Bulbasaur,Bulbasaur,Bulbasaur,Y
Shauna,rival,Chespin,Chespin,Chespin,Y
Shauna,rival,Delcatty,Delcatty,Skitty,Y
Shauna,rival,Fennekin,Fennekin,Fennekin,Y
Shauna,rival,Flabébé,Flabébé,Flabébé,Y
Shauna,rival,Froakie,Froakie,Froakie,Y
Shauna,rival,Goodra,Goodra,Goomy,Y
Shauna,rival,Sylveon,Sylveon,Eevee,Y
Shauntal,elite4,Banette,Banette,Shuppet,Y
Shauntal,elite4,Chandelure,Chandelure,Litwick,Y
Shauntal,elite4,Cofagrigus,Cofagrigus,Yamask,Y
Shauntal,elite4,Drifblim,Drifblim,Drifloon,Y
Shauntal,elite4,Froslass,Froslass,Snorunt,Y
Shauntal,elite4,Gengar,Gengar,Gastly,Y
Shauntal,elite4,Golurk,Golurk,Golett,Y
Shauntal,elite4,Jellicent,Jellicent,Frillish,Y
Shauntal,elite4,Mismagius,Mismagius,Misdreavus,Y
Sidney,elite4,Absol,Absol,Absol,Y
Sidney,elite4,Cacturne,Cacturne,Cacnea,Y
Sidney,elite4,Crawdaunt,Crawdaunt,Corphish,Y
Sidney,elite4,Mandibuzz,Mandibuzz,Vullaby,Y
Sidney,elite4,Mightyena,Mightyena,Poochyena,Y
Sidney,elite4,Scrafty,Scrafty,Scraggy,Y
Sidney,elite4,Sharpedo,Sharpedo,Carvanha,Y
Sidney,elite4,Shiftry,Shiftry,Seedot,Y
Sidney,elite4,Zangoose,Zangoose,Zangoose,Y
Sidney,elite4,Zoroark,Zoroark,Zorua,Y
Siebold,elite4,Barbaracle,Barbaracle,Binacle,Y
Siebold,elite4,Blastoise,Blastoise,Squirtle,Y
Siebold,elite4,Clawitzer,Clawitzer,Clauncher,Y
Siebold,elite4,Gyarados,Gyarados,Magikarp,Y
Siebold,elite4,Octillery,Octillery,Remoraid,Y
Siebold,elite4,Starmie,Starmie,Staryu,Y
Silver,rival,Alakazam,Alakazam,Abra,Y
Silver,rival,Bayleef,Bayleef,Chikorita,Y
Silver,rival,Chikorita,Chikorita,Chikorita,Y
Silver,rival,Crobat,Crobat,Zubat,Y
Silver,rival,Croconaw,Croconaw,Totodile,Y
Silver,rival,Cyndaquil,Cyndaquil,Cyndaquil,Y
Silver,rival,Feraligatr,Feraligatr,Totodile,Y
Silver,rival,Gastly,Gastly,Gastly,Y
Silver,rival,Gengar,Gengar,Gastly,Y
Silver,rival,Golbat,Golbat,Zubat,Y
Silver,rival,Haunter,Haunter,Gastly,Y
Silver,rival,Ho-Oh,Ho-Oh,Ho-Oh,Y
Silver,rival,Kadabra,Kadabra,Abra,Y
Silver,rival,Magnemite,Magnemite,Magnemite,Y
Silver,rival,Magneton,Magneton,Magnemite,Y
Silver,rival,Meganium,Meganium,Chikorita,Y
Silver,rival,Nidoking,Nidoking,Nidoran♂,Y
Silver,rival,Quilava,Quilava,Cyndaquil,Y
Silver,rival,Sneasel,Sneasel,Sneasel,Y
Silver,rival,Totodile,Totodile,Totodile,Y
Silver,rival,Typhlosion,Typhlosion,Cyndaquil,Y
Silver,rival,Zubat,Zubat,Zubat,Y
Skyla,gymleader,Archeops,Archeops,Archen,Y
Skyla,gymleader,Braviary,Braviary,Rufflet,Y
Skyla,gymleader,Drifblim,Drifblim,Drifloon,Y
Skyla,gymleader,Jumpluff,Jumpluff,Hoppip,Y
Skyla,gymleader,Mandibuzz,Mandibuzz,Vullaby,Y
Skyla,gymleader,Sigilyph,Sigilyph,Sigilyph,Y
Skyla,gymleader,Skarmory,Skarmory,Skarmory,Y
Skyla,gymleader,Swanna,Swanna,Ducklett,Y
Skyla,gymleader,Swoobat,Swoobat,Woobat,Y
Skyla,gymleader,Unfezant,Unfezant,Pidove,Y
Sophocles,anime,Minior,Minior-Meteor,Minior,Y
Sophocles,anime,Togedemaru,Togedemaru,Togedemaru,Y
Sophocles,anime,Vikavolt,Vikavolt,Grubbin,Y
Steven,champion,Aggron,Aggron,Aron,Y
Steven,champion,Archeops,Archeops,Archen,Y
Steven,champion,Armaldo,Armaldo,Anorith,Y
Steven,champion,Aron,Aron,Aron,Y
Steven,champion,Beldum,Beldum,Beldum,Y
Steven,champion,Claydol,Claydol,Baltoy,Y
Steven,champion,Cradily,Cradily,Lileep,Y
Steven,champion,Excadrill,Excadrill,Drilbur,Y
Steven,champion,Metagross,Metagross,Beldum,Y
Steven,champion,Skarmory,Skarmory,Skarmory,Y
Tate,gymleader,Chimecho,Chimecho,Chingling,Y
Tate,gymleader,Claydol,Claydol,Baltoy,Y
Tate,gymleader,Gallade,Gallade,Ralts,Y
Tate,gymleader,Grumpig,Grumpig,Spoink,Y
Tate,gymleader,Hypno,Hypno,Drowzee,Y
Tate,gymleader,Slowking,Slowking,Slowpoke,Y
Tate,gymleader,Solrock,Solrock,Solrock,Y
Tate,gymleader,Xatu,Xatu,Natu,Y
Tracey,anime,Marill,Marill,Azurill,Y
Tracey,anime,Scyther,Scyther,Scyther,Y
Tracey,anime,Venomoth,Venomoth,Venonat,Y
Trip,anime,Conkeldurr,Conkeldurr,Timburr,Y
Trip,anime,Frillish,Frillish,Frillish,Y
Trip,anime,Lampent,Lampent,Litwick,Y
Trip,anime,Serperior,Serperior,Snivy,Y
Trip,anime,Tranquill,Tranquill,Pidove,Y
Trip,anime,Vanillite,Vanillite,Vanillite,Y
Tulip,gymleader,Delphox,Delphox,Fennekin,Y
Tulip,gymleader,Espathra,Espathra,Flittle,Y
Tulip,gymleader,Farigiraf,Farigiraf,Girafarig,Y
Tulip,gymleader,Flittle,Flittle,Flittle,Y
Tulip,gymleader,Florges,Florges,Flabébé,Y
Tulip,gymleader,Gallade,Gallade,Ralts,Y
Tulip,gymleader,Gardevoir,Gardevoir,Ralts,Y
Valerie,gymleader,Mawile,Mawile,Mawile,Y
Valerie,gymleader,Mr. Mime,Mr. Mime,Mime Jr.,Y
Valerie,gymleader,Spritzee,Spritzee,Spritzee,Y
Valerie,gymleader,Sylveon,Sylveon,Eevee,Y
Victor,protagonist,Calyrex,Calyrex,Calyrex,Y
Victor,protagonist,Cinderace,Cinderace,Scorbunny,Y
Victor,protagonist,Eternatus,Eternatus,Eternatus,Y
Victor,protagonist,Glastrier,Glastrier,Glastrier,Y
Victor,protagonist,Greedent,Greedent,Skwovet,Y
Victor,protagonist,Inteleon,Inteleon,Sobble,Y
Victor,protagonist,Rillaboom,Rillaboom,Grookey,Y
Victor,protagonist,Spectrier,Spectrier,Spectrier,Y
Victor,protagonist,Urshifu,Urshifu,Kubfu,Y
Victor,protagonist,Zacian,Zacian,Zacian,Y
Victor,protagonist,Zamazenta,Zamazenta,Zamazenta,Y
Viola,gymleader,Masquerain,Masquerain,Surskit,Y
Viola,gymleader,Surskit,Surskit,Surskit,Y
Viola,gymleader,Vivillon,Vivillon,Scatterbug,Y
Volkner,gymleader,Ambipom,Ambipom,Aipom,Y
Volkner,gymleader,Eelektross,Eelektross,Tynamo,Y
Volkner,gymleader,Electivire,Electivire,Elekid,Y
Volkner,gymleader,Electrode,Electrode,Voltorb,Y
Volkner,gymleader,Galvantula,Galvantula,Joltik,Y
Volkner,gymleader,Jolteon,Jolteon,Eevee,Y
Volkner,gymleader,Lanturn,Lanturn,Chinchou,Y
Volkner,gymleader,Luxray,Luxray,Shinx,Y
Volkner,gymleader,Octillery,Octillery,Remoraid,Y
Volkner,gymleader,Pelipper,Pelipper,Wingull,Y
Volkner,gymleader,Raichu,Raichu,Pichu,Y
Volkner,gymleader,Rotom,Rotom,Rotom,Y
Volkner,gymleader,Zebstrika,Zebstrika,Blitzle,Y
Wallace,champion,Gyarados,Gyarados,Magikarp,Y
Wallace,champion,Ludicolo,Ludicolo,Lotad,Y
Wallace,champion,Luvdisc,Luvdisc,Luvdisc,Y
Wallace,champion,Milotic,Milotic,Feebas,Y
Wallace,champion,Seaking,Seaking,Goldeen,Y
Wallace,champion,Sealeo,Sealeo,Spheal,Y
Wallace,champion,Sharpedo,Sharpedo,Carvanha,Y
Wallace,champion,Starmie,Starmie,Staryu,Y
Wallace,champion,Swampert,Swampert,Mudkip,Y
Wallace,champion,Tentacruel,Tentacruel,Tentacool,Y
Wallace,champion,Wailord,Wailord,Wailmer,Y
Wallace,champion,Walrein,Walrein,Spheal,Y
Wallace,champion,Whiscash,Whiscash,Barboach,Y
Wally,rival,Altaria,Altaria,Swablu,Y
Wally,rival,Azumarill,Azumarill,Azurill,Y
Wally,rival,Delcatty,Delcatty,Skitty,Y
Wally,rival,Gallade,Gallade,Ralts,Y
Wally,rival,Garchomp,Garchomp,Gible,Y
Wally,rival,Gardevoir,Gardevoir,Ralts,Y
Wally,rival,Magneton,Magneton,Magnemite,Y
Wally,rival,Magnezone,Magnezone,Magnemite,Y
Wally,rival,Ralts,Ralts,Ralts,Y
Wally,rival,Roselia,Roselia,Budew,Y
Wally,rival,Roserade,Roserade,Budew,Y
Wally,rival,Talonflame,Talonflame,Fletchling,Y
Wally,rival,Zigzagoon,Zigzagoon,Zigzagoon,Y
Wattson,gymleader,Ampharos,Ampharos,Mareep,Y
Wattson,gymleader,Electabuzz,Electabuzz,Elekid,Y
Wattson,gymleader,Electrike,Electrike,Electrike,Y
Wattson,gymleader,Electrode,Electrode,Voltorb,Y
Wattson,gymleader,Flaaffy,Flaaffy,Mareep,Y
Wattson,gymleader,Magnemite,Magnemite,Magnemite,Y
Wattson,gymleader,Magneton,Magneton,Magnemite,Y
Wattson,gymleader,Magnezone,Magnezone,Magnemite,Y
Wattson,gymleader,Manectric,Manectric,Electrike,Y
Wattson,gymleader,Mareep,Mareep,Mareep,Y
Wattson,gymleader,Minun,Minun,Minun,Y
Wattson,gymleader,Pikachu,Pikachu,Pichu,Y
Wattson,gymleader,Plusle,Plusle,Plusle,Y
Wattson,gymleader,Raichu,Raichu,Pichu,Y
Wattson,gymleader,Rotom,Rotom,Rotom,Y
Wattson,gymleader,Voltorb,Voltorb,Voltorb,Y
Whitney,gymleader,Ambipom,Ambipom,Aipom,Y
Whitney,gymleader,Bibarel,Bibarel,Bidoof,Y
Whitney,gymleader,Blissey,Blissey,Happiny,Y
Whitney,gymleader,Cinccino,Cinccino,Minccino,Y
Whitney,gymleader,Clefable,Clefable,Cleffa,Y
Whitney,gymleader,Clefairy,Clefairy,Cleffa,Y
Whitney,gymleader,Delcatty,Delcatty,Skitty,Y
Whitney,gymleader,Dodrio,Dodrio,Doduo,Y
Whitney,gymleader,Donphan,Donphan,Phanpy,Y
Whitney,gymleader,Girafarig,Girafarig,Girafarig,Y
Whitney,gymleader,Gloom,Gloom,Oddish,Y
Whitney,gymleader,Golduck,Golduck,Psyduck,Y
Whitney,gymleader,Lickilicky,Lickilicky,Lickitung,Y
Whitney,gymleader,Lopunny,Lopunny,Buneary,Y
Whitney,gymleader,Miltank,Miltank,Miltank,Y
Whitney,gymleader,Mr. Mime,Mr. Mime,Mime Jr.,Y
Whitney,gymleader,Nidorina,Nidorina,Nidoran♀,Y
Whitney,gymleader,Persian,Persian,Meowth,Y
Whitney,gymleader,Sawsbuck,Sawsbuck,Deerling,Y
Whitney,gymleader,Stantler,Stantler,Stantler,Y
Whitney,gymleader,Tauros,Tauros,Tauros,Y
Whitney,gymleader,Ursaring,Ursaring,Teddiursa,Y
Whitney,gymleader,Watchog,Watchog,Patrat,Y
Whitney,gymleader,Wigglytuff,Wigglytuff,Igglybuff,Y
Wikstrom,elite4,Aegislash,Aegislash-Shield,Honedge,Y
Wikstrom,elite4,Klefki,Klefki,Klefki,Y
Wikstrom,elite4,Probopass,Probopass,Nosepass,Y
Wikstrom,elite4,Scizor,Scizor,Scyther,Y
Will,elite4,Bronzong,Bronzong,Bronzor,Y
Will,elite4,Chansey,Chansey,Happiny,Y
Will,elite4,Clefable,Clefable,Cleffa,Y
Will,elite4,Electabuzz,Electabuzz,Elekid,Y
Will,elite4,Exeggutor,Exeggutor,Exeggcute,Y
Will,elite4,Flareon,Flareon,Eevee,Y
Will,elite4,Gardevoir,Gardevoir,Ralts,Y
Will,elite4,Girafarig,Girafarig,Girafarig,Y
Will,elite4,Grumpig,Grumpig,Spoink,Y
Will,elite4,Hypno,Hypno,Drowzee,Y
Will,elite4,Jynx,Jynx,Smoochum,Y
Will,elite4,Kadabra,Kadabra,Abra,Y
Will,elite4,Mantine,Mantine,Mantyke,Y
Will,elite4,Slowbro,Slowbro,Slowpoke,Y
Will,elite4,Xatu,Xatu,Natu,Y
Winona,gymleader,Altaria,Altaria,Swablu,Y
Winona,gymleader,Dragonair,Dragonair,Dratini,Y
Winona,gymleader,Dragonite,Dragonite,Dratini,Y
Winona,gymleader,Dratini,Dratini,Dratini,Y
Winona,gymleader,Hoothoot,Hoothoot,Hoothoot,Y
Winona,gymleader,Noctowl,Noctowl,Hoothoot,Y
Winona,gymleader,Pelipper,Pelipper,Wingull,Y
Winona,gymleader,Skarmory,Skarmory,Skarmory,Y
Winona,gymleader,Swablu,Swablu,Swablu,Y
Winona,gymleader,Swellow,Swellow,Taillow,Y
Winona,gymleader,Tropius,Tropius,Tropius,Y
Wulfric,gymleader,Abomasnow,Abomasnow,Snover,Y
Wulfric,gymleader,Avalugg,Avalugg,Bergmite,Y
Wulfric,gymleader,Bergmite,Bergmite,Bergmite,Y
Wulfric,gymleader,Cryogonal,Cryogonal,Cryogonal,Y
Zoey,anime,Gallade,Gallade,Ralts,Y
Zoey,anime,Gastrodon,Gastrodon,Shellos,Y
Zoey,anime,Glameow,Glameow,Glameow,Y
Zoey,anime,Leafeon,Leafeon,Eevee,Y
Zoey,anime,Lumineon,Lumineon,Finneon,Y
Zoey,anime,Mismagius,Mismagius,Misdreavus,Y
